"OID_","World Port Index Number","Region Name","Main Port Name","Alternate Port Name","UN/LOCODE","Country Code","World Water Body","IHO S-130 Sea Area","Sailing Direction or Publication","Publication Link","Standard Nautical Chart","IHO S-57 Electronic Navigational Chart","IHO S-101 Electronic Navigational Chart","Digital Nautical Chart","Tidal Range (m)","Entrance Width (m)","Channel Depth (m)","Anchorage Depth (m)","Cargo Pier Depth (m)","Oil Terminal Depth (m)","Liquified Natural Gas Terminal Depth (m)","Maximum Vessel Length (m)","Maximum Vessel Beam (m)","Maximum Vessel Draft (m)","Offshore Maximum Vessel Length (m)","Offshore Maximum Vessel Beam (m)","Offshore Maximum Vessel Draft (m)","Harbor Size","Harbor Type","Harbor Use","Shelter Afforded","Entrance Restriction - Tide","Entrance Restriction - Heavy Swell","Entrance Restriction - Ice","Entrance Restriction - Other","Overhead Limits","Underkeel Clearance Management System","Good Holding Ground","Turning Area","Port Security","Estimated Time of Arrival Message","Quarantine - Pratique","Quarantine - Sanitation","Quarantine - Other","Traffic Separation Scheme","Vessel Traffic Service","First Port of Entry","US Representative","Pilotage - Compulsory","Pilotage - Available","Pilotage - Local Assistance","Pilotage - Advisable","Tugs - Salvage","Tugs - Assistance","Communications - Telephone","Communications - Telefax","Communications - Radio","Communications - Radiotelephone","Communications - Airport","Communications - Rail","Search and Rescue","NAVAREA","Facilities - Wharves","Facilities - Anchorage","Facilities - Dangerous Cargo Anchorage","Facilities - Med Mooring","Facilities - Beach Mooring","Facilities - Ice Mooring","Facilities - Ro-Ro","Facilities - Solid Bulk","Facilities - Liquid Bulk","Facilities - Container","Facilities - Breakbulk","Facilities - Oil Terminal","Facilities - LNG Terminal","Facilities - Other","Medical Facilities","Garbage Disposal","Chemical Holding Tank Disposal","Degaussing","Dirty Ballast Disposal","Cranes - Fixed","Cranes - Mobile","Cranes - Floating","Cranes Container","Lifts - 100+ Tons","Lifts - 50-100 Tons","Lifts - 25-49 Tons","Lifts - 0-24 Tons","Services - Longshoremen","Services - Electricity","Services -Steam","Services - Navigation Equipment","Services - Electrical Repair","Services - Ice Breaking","Services -Diving","Supplies - Provisions","Supplies - Potable Water","Supplies - Fuel Oil","Supplies - Diesel Oil","Supplies - Aviation Fuel","Supplies - Deck","Supplies - Engine","Repairs","Dry Dock","Railway","Latitude","Longitude"
"47.0","60205.0","China Continued -- 59850","Suizhang Gang","","","China","Bo Hai; Yellow Sea; North Pacific Ocean","","Sailing Directions Pub. 157 (Enroute) - Coasts of Korea and China","https://msi.geo.nga.mil/api/publications/download?key=16694491/SFH00000/Pub157bk.pdf&type=view","94420.0","","","coa23e, gen23a","0.0","0.0","11.0","0.0","12.5","0.0","0.0","0.0","0.0","0.0","0.0","0.0","0.0","Very Small","Open Roadstead","Unknown","None","No","No","No","Unknown","No","Unknown","Unknown","Unknown","Unknown","Unknown","Unknown","Unknown","Unknown","Unknown","Unknown","Unknown","Unknown","Unknown","Unknown","Unknown","Unknown","Unknown","Unknown","Unknown","Unknown","Unknown","Unknown","Unknown","Unknown","Unknown","XI","Yes","Yes","Unknown","Unknown","Unknown","Unknown","Unknown","Unknown","Unknown","Unknown","Unknown","Unknown","Unknown","Unknown","Unknown","Unknown","Unknown","Unknown","Unknown","Unknown","Unknown","Unknown","Unknown","Unknown","Unknown","Unknown","Unknown","Unknown","Unknown","Unknown","Unknown","Unknown","Unknown","Unknown","Unknown","Unknown","Unknown","Unknown","Unknown","Unknown","Unknown","Unknown","Unknown","Unknown","40.066667000000002","121.049999999999997"
"88.0","60250.0","China Continued -- 59850","Dalian","Dairen; Dalian; Dalian Wan; Ta Cien; Ta Lien","CN DAL","China","Yellow Sea; North Pacific Ocean","","Sailing Directions Pub. 157 (Enroute) - Coasts of Korea and China","https://msi.geo.nga.mil/api/publications/download?key=16694491/SFH00000/Pub157bk.pdf&type=view","94423.0","","","a2360240, coa23e, gen23a, h2360250","3.0","0.0","23.2","23.2","17.1","23.2","0.0","0.0","0.0","0.0","0.0","0.0","0.0","Large","Coastal (Breakwater)","Unknown","Good","No","Yes","Yes","Yes","Unknown","Unknown","Yes","Yes","Unknown","Yes","Yes","Unknown","Yes","Unknown","Unknown","Yes","No","Yes","Yes","Unknown","Yes","Unknown","Yes","Unknown","Unknown","Yes","Yes","Yes","Yes","Unknown","XI","Yes","Yes","Unknown","Unknown","Unknown","Unknown","Unknown","Unknown","Unknown","Unknown","Unknown","Unknown","Unknown","Unknown","Yes","Yes","Unknown","Unknown","Yes","Yes","Yes","Yes","Unknown","Yes","Yes","Yes","Unknown","Yes","Yes","Unknown","Yes","Yes","Unknown","Unknown","Yes","Yes","Yes","Unknown","Unknown","Yes","Yes","Major","Medium","Medium","38.916666999999997","121.666667000000004"
"113.0","60240.0","China Continued -- 59850","Lushun","Port Arthur; Ryojun Ko","CN LSH","China","Yellow Sea; North Pacific Ocean","","Sailing Directions Pub. 157 (Enroute) - Coasts of Korea and China","https://msi.geo.nga.mil/api/publications/download?key=16694491/SFH00000/Pub157bk.pdf&type=view","94421.0","","","a2360240, coa23e, gen23a, h2360240","5.0","0.0","7.9","9.4","0.0","0.0","0.0","0.0","0.0","0.0","0.0","0.0","0.0","Very Small","Coastal (Breakwater)","Unknown","Fair","Yes","Unknown","Unknown","Yes","Unknown","Unknown","Unknown","Yes","Unknown","Yes","Yes","Unknown","Yes","Unknown","Unknown","Yes","No","Yes","Yes","Unknown","Yes","Unknown","Yes","Unknown","Unknown","Yes","Yes","Unknown","Yes","Unknown","XI","Yes","Unknown","Unknown","Unknown","Unknown","Unknown","Unknown","Unknown","Unknown","Unknown","Unknown","Unknown","Unknown","Unknown","Unknown","Unknown","Unknown","Unknown","Unknown","Yes","Yes","Yes","Unknown","Unknown","Unknown","Unknown","Unknown","Unknown","Unknown","Unknown","Unknown","Unknown","Unknown","Unknown","Yes","Yes","Yes","Unknown","Unknown","Unknown","Unknown","Limited","Unknown","Medium","38.783332999999999","121.250000000000000"
"184.0","60133.0","China Continued -- 59850","Rizhao","Shijiu Zui; Shijiusuo","CN RZH","China","Yellow Sea; North Pacific Ocean","","Sailing Directions Pub. 157 (Enroute) - Coasts of Korea and China","https://msi.geo.nga.mil/api/publications/download?key=16694491/SFH00000/Pub157bk.pdf&type=view","94280.0","","","coa23d, gen23a","5.0","0.0","14.0","17.1","11.0","4.9","0.0","0.0","0.0","0.0","0.0","0.0","0.0","Very Small","Coastal (Natural)","Unknown","Poor","Unknown","Unknown","Unknown","Unknown","Yes","Unknown","Yes","Yes","Unknown","Yes","Yes","Unknown","Yes","Unknown","Unknown","Unknown","Unknown","Unknown","Unknown","Unknown","Unknown","Unknown","Yes","Yes","Yes","Yes","Unknown","Yes","Yes","Unknown","XI","Yes","Unknown","Unknown","Unknown","Unknown","Unknown","Unknown","Unknown","Unknown","Unknown","Unknown","Unknown","Unknown","Unknown","Yes","Yes","Unknown","Unknown","Yes","Yes","Yes","Unknown","Unknown","Unknown","Unknown","Yes","Yes","Unknown","Unknown","Unknown","Unknown","Unknown","Unknown","Unknown","Yes","Yes","Yes","Unknown","Unknown","Unknown","Unknown","Limited","Unknown","Unknown","35.383333000000000","119.566666999999995"
"204.0","57830.0","China -- 57815","Guangzhou","Canton; Kuaung Fhou","CN GGZ","China","South China Sea; North Pacific Ocean","","Sailing Directions Pub. 161 (Enroute) - South China Sea and Gulf of Thailand","https://msi.geo.nga.mil/api/publications/download?key=16694491/SFH00000/Pub161bk.pdf&type=view","93728.0","","","gen23b, h2357825","2.0","0.0","12.5","11.0","12.5","9.4","0.0","0.0","0.0","0.0","0.0","0.0","0.0","Medium","River (Natural)","Unknown","Good","Yes","Yes","No","Yes","Yes","Unknown","Yes","Yes","Unknown","Yes","Yes","Unknown","Yes","Unknown","Unknown","Yes","No","Yes","Yes","Unknown","Unknown","Unknown","Yes","Yes","Yes","Yes","Unknown","Yes","Yes","Unknown","XI","Yes","Yes","Unknown","Unknown","Unknown","Unknown","Unknown","Unknown","Unknown","Unknown","Unknown","Unknown","Unknown","Unknown","Yes","Yes","Unknown","Unknown","Yes","Yes","Yes","Yes","Unknown","Yes","Yes","Yes","Unknown","Yes","Unknown","Unknown","Unknown","Unknown","Unknown","Unknown","Yes","Yes","Yes","Yes","Unknown","Yes","Yes","Major","Medium","Small","23.116667000000000","113.233333000000002"
"216.0","60170.0","China Continued -- 59850","Longkou Gang","Lungkow","CN LKU","China","Bo Hai; Yellow Sea; North Pacific Ocean","","Sailing Directions Pub. 157 (Enroute) - Coasts of Korea and China","https://msi.geo.nga.mil/api/publications/download?key=16694491/SFH00000/Pub157bk.pdf&type=view","94420.0","","","coa23e, gen23a","1.0","0.0","11.0","14.0","9.4","0.0","0.0","0.0","0.0","0.0","0.0","0.0","0.0","Small","Coastal (Natural)","Unknown","Fair","Unknown","Unknown","Yes","Yes","Unknown","Unknown","Yes","Yes","Unknown","Yes","Yes","Unknown","Yes","Unknown","Unknown","Unknown","No","Yes","Yes","Unknown","Yes","Unknown","Yes","Unknown","Unknown","Yes","Unknown","Unknown","Unknown","Unknown","XI","Yes","Yes","Unknown","Unknown","Unknown","Unknown","Unknown","Unknown","Unknown","Unknown","Unknown","Unknown","Unknown","Unknown","Yes","Yes","Unknown","Unknown","Yes","Unknown","Yes","Unknown","Unknown","Unknown","Yes","Unknown","Yes","Yes","Unknown","Unknown","Unknown","Unknown","Unknown","Unknown","Yes","Yes","Yes","Unknown","Unknown","Unknown","Unknown","Limited","Small","Unknown","37.633333000000000","120.283332999999999"
"217.0","60215.0","China Continued -- 59850","Jinzhou Wan","","CN JNZ","China","Bo Hai; Yellow Sea; North Pacific Ocean","","Sailing Directions Pub. 157 (Enroute) - Coasts of Korea and China","https://msi.geo.nga.mil/api/publications/download?key=16694491/SFH00000/Pub157bk.pdf&type=view","94380.0","","","coa23e, gen23a, h2360210","2.0","0.0","12.5","9.4","14.0","11.0","0.0","0.0","0.0","0.0","0.0","0.0","0.0","Very Small","Open Roadstead","Unknown","Fair","Yes","Unknown","Yes","Yes","Unknown","Unknown","Yes","Unknown","Unknown","Yes","Yes","Unknown","Yes","Unknown","Unknown","Unknown","Unknown","Yes","Yes","Unknown","Unknown","Unknown","Yes","Unknown","Unknown","Yes","Yes","Unknown","Unknown","Unknown","XI","Yes","Unknown","Unknown","Unknown","Unknown","Unknown","Unknown","Unknown","Unknown","Unknown","Unknown","Unknown","Unknown","Unknown","Unknown","Unknown","Unknown","Unknown","Unknown","Yes","Yes","Unknown","Unknown","Unknown","Unknown","Yes","Yes","Yes","Unknown","Unknown","Unknown","Unknown","Unknown","Unknown","Yes","Yes","Unknown","Yes","Unknown","Unknown","Unknown","Limited","Unknown","Medium","40.750000000000000","121.099999999999994"
"222.0","57822.0","China -- 57815","Huangpu","","CN HUA","China","South China Sea; North Pacific Ocean","","Sailing Directions Pub. 161 (Enroute) - South China Sea and Gulf of Thailand","https://msi.geo.nga.mil/api/publications/download?key=16694491/SFH00000/Pub161bk.pdf&type=view","93726.0","","","a2357825, gen23b, h2357825","2.0","0.0","9.4","9.4","7.9","0.0","0.0","0.0","0.0","0.0","0.0","0.0","0.0","Small","River (Natural)","Unknown","Fair","Yes","Yes","No","Yes","Yes","Unknown","Unknown","Yes","Unknown","Yes","Yes","Unknown","Yes","Unknown","Unknown","Yes","No","Yes","Yes","Unknown","Unknown","Unknown","Yes","Unknown","Unknown","Yes","Unknown","Yes","Yes","Unknown","XI","Yes","Unknown","Unknown","Unknown","Unknown","Unknown","Unknown","Unknown","Unknown","Unknown","Unknown","Unknown","Unknown","Unknown","Yes","Unknown","Unknown","Unknown","Yes","Unknown","Yes","Yes","Unknown","Yes","Unknown","Yes","Yes","Yes","Unknown","Unknown","Unknown","Unknown","Unknown","Unknown","Yes","Yes","Yes","Yes","Unknown","Unknown","Unknown","Limited","Small","Small","23.083333000000000","113.416667000000004"
"223.0","60210.0","China Continued -- 59850","Huludao Gang","","CN HUD","China","Bo Hai; Yellow Sea; North Pacific Ocean","","Sailing Directions Pub. 157 (Enroute) - Coasts of Korea and China","https://msi.geo.nga.mil/api/publications/download?key=16694491/SFH00000/Pub157bk.pdf&type=view","94380.0","","","coa23e, gen23a, h2360210","0.0","0.0","7.9","4.9","7.9","7.9","0.0","0.0","0.0","0.0","0.0","0.0","0.0","Very Small","Coastal (Breakwater)","Unknown","Good","Unknown","Yes","Yes","Unknown","Unknown","Unknown","Unknown","Unknown","Unknown","Unknown","Unknown","Unknown","Unknown","Unknown","Unknown","Unknown","Unknown","Yes","Yes","Unknown","Yes","Unknown","Unknown","Unknown","Unknown","Unknown","Unknown","Unknown","Yes","Unknown","XI","Yes","Unknown","Unknown","Unknown","Unknown","Unknown","Unknown","Unknown","Unknown","Unknown","Unknown","Unknown","Unknown","Unknown","Yes","Unknown","Unknown","Unknown","Unknown","Unknown","Unknown","Yes","Unknown","Unknown","Unknown","Unknown","Yes","Unknown","Unknown","Unknown","Unknown","Unknown","Unknown","Unknown","Yes","Yes","Yes","Unknown","Unknown","Unknown","Unknown","Moderate","Large","Small","40.700000000000003","120.983333000000002"
"224.0","60230.0","China Continued -- 59850","Bayuquan","","CN BYQ","China","Bo Hai; Yellow Sea; North Pacific Ocean","","Sailing Directions Pub. 157 (Enroute) - Coasts of Korea and China","https://msi.geo.nga.mil/api/publications/download?key=16694491/SFH00000/Pub157bk.pdf&type=view","94380.0","","","a2360220, coa23e, gen23a","8.0","0.0","14.0","11.0","11.0","11.0","0.0","0.0","0.0","0.0","0.0","0.0","0.0","Very Small","Open Roadstead","Unknown","Fair","Yes","Unknown","Yes","Unknown","Unknown","Unknown","Unknown","Yes","Unknown","Yes","Yes","Unknown","Yes","Unknown","Unknown","No","Unknown","Yes","Yes","Unknown","Unknown","Unknown","Yes","Unknown","Unknown","Yes","Unknown","Unknown","Yes","Unknown","XI","Yes","Unknown","Unknown","Unknown","Unknown","Unknown","Unknown","Unknown","Unknown","Unknown","Unknown","Unknown","Unknown","Unknown","Unknown","Unknown","Unknown","Unknown","Unknown","Unknown","Unknown","Unknown","Unknown","Unknown","Unknown","Unknown","Unknown","Yes","Unknown","Unknown","Unknown","Unknown","Unknown","Unknown","Unknown","Unknown","Unknown","Unknown","Unknown","Unknown","Unknown","Unknown","Unknown","Small","40.299999999999997","122.083332999999996"
"234.0","60165.0","China Continued -- 59850","Penglai","","CN PLI","China","Yellow Sea; North Pacific Ocean","","Sailing Directions Pub. 157 (Enroute) - Coasts of Korea and China","https://msi.geo.nga.mil/api/publications/download?key=16694491/SFH00000/Pub157bk.pdf&type=view","94420.0","","","coa23e, gen23a","2.0","0.0","3.4","4.9","7.9","0.0","0.0","0.0","0.0","0.0","0.0","0.0","0.0","Very Small","Coastal (Natural)","Unknown","Fair","Unknown","Unknown","Unknown","Unknown","Unknown","Unknown","Unknown","Unknown","Unknown","Yes","Unknown","Unknown","Yes","Unknown","Unknown","Unknown","Unknown","Unknown","Unknown","Yes","Unknown","Unknown","Yes","Unknown","Unknown","Yes","Unknown","Unknown","Unknown","Unknown","XI","Unknown","Unknown","Unknown","Unknown","Unknown","Unknown","Unknown","Unknown","Unknown","Unknown","Unknown","Unknown","Unknown","Unknown","Unknown","Unknown","Unknown","Unknown","Unknown","Yes","Unknown","Unknown","Unknown","Unknown","Unknown","Unknown","Yes","Yes","Unknown","Unknown","Unknown","Unknown","Unknown","Unknown","Yes","Yes","Yes","Unknown","Unknown","Unknown","Unknown","Unknown","Unknown","Unknown","37.816667000000002","120.833332999999996"
"237.0","60140.0","China Continued -- 59850","Qingdao Gang","Tsingtao","CN QIN","China","Yellow Sea; North Pacific Ocean","","Sailing Directions Pub. 157 (Enroute) - Coasts of Korea and China","https://msi.geo.nga.mil/api/publications/download?key=16694491/SFH00000/Pub157bk.pdf&type=view","94283.0","","","a2360140, coa23d, gen23a, h2360140","4.0","0.0","17.1","23.2","18.6","9.4","0.0","0.0","0.0","0.0","0.0","0.0","0.0","Large","Open Roadstead","Unknown","Excellent","Yes","Yes","Yes","Yes","Unknown","Unknown","Yes","Yes","Unknown","Yes","Yes","Unknown","Yes","Unknown","Unknown","Yes","Unknown","Yes","Yes","Unknown","Yes","Unknown","Yes","Unknown","Unknown","Yes","Unknown","Yes","Yes","Unknown","XI","Yes","Unknown","Unknown","Unknown","Unknown","Unknown","Unknown","Unknown","Unknown","Unknown","Unknown","Unknown","Unknown","Unknown","Yes","Yes","Unknown","Unknown","Yes","Yes","Yes","Yes","Unknown","Yes","Yes","Yes","Yes","Yes","Unknown","Unknown","Yes","Yes","Unknown","Unknown","Yes","Unknown","Yes","Unknown","Unknown","Yes","Yes","Moderate","Medium","Small","36.033332999999999","120.266666999999998"
"238.0","60193.0","China Continued -- 59850","Tangshan (Jingtang)","Jingtang","CN TGS","China","Bo Hai; Yellow Sea; North Pacific Ocean","","Sailing Directions Pub. 157 (Enroute) - Coasts of Korea and China","https://msi.geo.nga.mil/api/publications/download?key=16694491/SFH00000/Pub157bk.pdf&type=view","94360.0","","","a2360180, coa23e, gen23a","2.0","0.0","11.0","0.0","9.4","0.0","0.0","0.0","0.0","0.0","0.0","0.0","0.0","Very Small","Coastal (Breakwater)","Unknown","Fair","Unknown","Unknown","Unknown","Unknown","Yes","Unknown","Unknown","Unknown","Unknown","Yes","Yes","Unknown","Yes","Unknown","Unknown","Unknown","Unknown","Yes","Yes","Unknown","Unknown","Unknown","Yes","Unknown","Unknown","Yes","Unknown","Unknown","Yes","Unknown","XI","Yes","Unknown","Unknown","Unknown","Unknown","Unknown","Unknown","Unknown","Unknown","Unknown","Unknown","Unknown","Unknown","Unknown","Unknown","Unknown","Unknown","Unknown","Unknown","Yes","Unknown","Yes","Unknown","Yes","Unknown","Yes","Yes","Yes","Unknown","Unknown","Unknown","Unknown","Unknown","Unknown","Yes","Yes","Yes","Unknown","Unknown","Unknown","Unknown","Unknown","Unknown","Small","39.200000000000003","119.016666999999998"
"242.0","57816.0","China -- 57815","Sanya","","CN SYA","China","Gulf of Tonkin; South China Sea; North Pacific Ocean","","Sailing Directions Pub. 161 (Enroute) - South China Sea and Gulf of Thailand","https://msi.geo.nga.mil/api/publications/download?key=16694491/SFH00000/Pub161bk.pdf&type=view","93698.0","","","a2357765, coa23b, gen23b","0.0","0.0","6.4","4.9","3.4","0.0","0.0","0.0","0.0","0.0","0.0","0.0","0.0","Very Small","Open Roadstead","Unknown","Fair","Unknown","Unknown","Unknown","Unknown","Yes","Unknown","Yes","Unknown","Unknown","Yes","Yes","Unknown","Yes","Unknown","Unknown","Unknown","Unknown","Unknown","Unknown","Unknown","Unknown","Unknown","Unknown","Unknown","Unknown","Yes","Unknown","Unknown","Unknown","Unknown","XI","Unknown","Unknown","Unknown","Unknown","Unknown","Unknown","Unknown","Unknown","Unknown","Unknown","Unknown","Unknown","Unknown","Unknown","Unknown","Unknown","Unknown","Unknown","Unknown","Unknown","Unknown","Unknown","Unknown","Unknown","Yes","Unknown","Unknown","Yes","Unknown","Unknown","Unknown","Unknown","Unknown","Unknown","Yes","Yes","Yes","Unknown","Unknown","Unknown","Unknown","Limited","Unknown","Unknown","18.316666999999999","109.450000000000003"
"243.0","57817.0","China -- 57815","Yangpu","","CN YPG","China","Gulf of Tonkin; South China Sea; North Pacific Ocean","","Sailing Directions Pub. 161 (Enroute) - South China Sea and Gulf of Thailand","https://msi.geo.nga.mil/api/publications/download?key=16694491/SFH00000/Pub161bk.pdf&type=view","93610.0","","","coa23b, gen23b","2.0","0.0","7.9","7.9","12.5","0.0","0.0","0.0","0.0","0.0","0.0","0.0","0.0","Very Small","Coastal (Breakwater)","Unknown","Poor","Unknown","Unknown","Unknown","Yes","Unknown","Unknown","Unknown","Unknown","Unknown","Yes","Yes","Unknown","Yes","Unknown","Unknown","Unknown","Unknown","Yes","Yes","Unknown","Unknown","Unknown","Yes","Unknown","Unknown","Yes","Unknown","Unknown","Unknown","Unknown","XI","Yes","Yes","Unknown","Unknown","Unknown","Unknown","Unknown","Unknown","Unknown","Unknown","Unknown","Unknown","Unknown","Unknown","Unknown","Unknown","Unknown","Unknown","Unknown","Unknown","Yes","Unknown","Unknown","Unknown","Unknown","Yes","Yes","Yes","Unknown","Unknown","Unknown","Unknown","Unknown","Unknown","Yes","Yes","Yes","Unknown","Unknown","Unknown","Unknown","Limited","Unknown","Unknown","19.733332999999998","109.183333000000005"
"244.0","60150.0","China Continued -- 59850","Weihai","","CN WEG","China","Yellow Sea; North Pacific Ocean","","Sailing Directions Pub. 157 (Enroute) - Coasts of Korea and China","https://msi.geo.nga.mil/api/publications/download?key=16694491/SFH00000/Pub157bk.pdf&type=view","94427.0","","","a2360160, coa23e, gen23a, h2360150","1.0","0.0","23.2","20.1","11.0","0.0","0.0","0.0","0.0","0.0","0.0","0.0","0.0","Medium","Coastal (Natural)","Unknown","Excellent","Unknown","Yes","Unknown","Yes","Unknown","Unknown","Unknown","Unknown","Unknown","Yes","Yes","Unknown","Yes","Unknown","Unknown","Unknown","Unknown","Yes","Yes","Unknown","Yes","Unknown","Yes","Unknown","Unknown","Yes","Unknown","Unknown","Unknown","Unknown","XI","Unknown","Yes","Unknown","Unknown","Unknown","Unknown","Unknown","Unknown","Unknown","Unknown","Unknown","Unknown","Unknown","Unknown","Yes","Unknown","Unknown","Unknown","Unknown","Yes","Yes","Unknown","Unknown","Unknown","Unknown","Yes","Yes","Unknown","Unknown","Unknown","Unknown","Unknown","Unknown","Unknown","Yes","Yes","Yes","Unknown","Unknown","Yes","Unknown","Unknown","Unknown","Unknown","37.500000000000000","122.099999999999994"
"661.0","57768.0","China -- 57740","Basuo","Dongfong","CN BSP","China","Gulf of Tonkin; South China Sea; North Pacific Ocean","","Sailing Directions Pub. 161 (Enroute) - South China Sea and Gulf of Thailand","https://msi.geo.nga.mil/api/publications/download?key=16694491/SFH00000/Pub161bk.pdf&type=view","93680.0","","","a2357768, coa23b, gen23b, h2357768","2.0","0.0","7.9","11.0","7.9","7.9","0.0","0.0","0.0","0.0","0.0","0.0","0.0","Small","Coastal (Breakwater)","Unknown","Good","Yes","Yes","Unknown","Yes","Unknown","Unknown","Yes","Yes","Unknown","Yes","Yes","Unknown","Yes","Unknown","Unknown","Unknown","Unknown","Yes","Yes","Unknown","Unknown","Unknown","Yes","Unknown","Unknown","Yes","Unknown","Unknown","Yes","Unknown","XI","Yes","Unknown","Unknown","Unknown","Unknown","Unknown","Unknown","Unknown","Unknown","Unknown","Unknown","Unknown","Unknown","Unknown","Yes","Unknown","Unknown","Unknown","Unknown","Yes","Yes","No","Unknown","Unknown","Unknown","Unknown","Yes","Yes","Unknown","Unknown","Unknown","Unknown","Unknown","Unknown","Yes","Yes","Yes","Unknown","Unknown","Unknown","Unknown","Limited","Unknown","Medium","19.100000000000001","108.616667000000007"
"707.0","59940.0","China Continued -- 59850","Ningbo","","CN NBO","China","East China Sea; North Pacific Ocean","","Sailing Directions Pub. 157 (Enroute) - Coasts of Korea and China","https://msi.geo.nga.mil/api/publications/download?key=16694491/SFH00000/Pub157bk.pdf&type=view","94203.0","","","coa23d, gen23a","4.0","0.0","7.9","7.9","4.9","4.9","0.0","0.0","0.0","0.0","0.0","0.0","0.0","Small","River (Natural)","Unknown","Good","Yes","Unknown","Unknown","Unknown","Yes","Unknown","Yes","Unknown","Unknown","Yes","Yes","Unknown","Yes","Unknown","Unknown","Unknown","Unknown","Yes","Yes","Unknown","Unknown","Unknown","Yes","Unknown","Unknown","Yes","Unknown","Yes","Yes","Unknown","XI","Yes","Yes","Unknown","Unknown","Unknown","Unknown","Unknown","Unknown","Unknown","Unknown","Unknown","Unknown","Unknown","Unknown","Yes","Unknown","Unknown","Unknown","Yes","Yes","Yes","Unknown","Unknown","Unknown","Yes","Yes","Yes","Yes","Unknown","Unknown","Unknown","Unknown","Unknown","Unknown","Yes","Yes","Yes","Unknown","Unknown","Unknown","Unknown","Moderate","Small","Small","29.883333000000000","121.549999999999997"
"708.0","60180.0","China Continued -- 59850","Dagu Tanggu","Asin Kang; Hsin Kang; Tang Ku","","China","Bo Hai; Yellow Sea; North Pacific Ocean","","Sailing Directions Pub. 157 (Enroute) - Coasts of Korea and China","https://msi.geo.nga.mil/api/publications/download?key=16694491/SFH00000/Pub157bk.pdf&type=view","94363.0","","","a2360180, coa23e, gen23a","2.0","0.0","3.4","15.5","4.9","0.0","0.0","0.0","0.0","0.0","0.0","0.0","0.0","Very Small","River (Natural)","Unknown","Fair","Unknown","Unknown","Yes","Yes","Unknown","Unknown","Unknown","Yes","Unknown","Yes","Yes","Yes","Unknown","Unknown","Unknown","Yes","Unknown","Yes","Unknown","Unknown","Yes","Unknown","Yes","Yes","Yes","Yes","No","Unknown","Yes","Unknown","XI","Yes","Unknown","Unknown","Unknown","Unknown","Unknown","Unknown","Unknown","Unknown","Unknown","Unknown","Unknown","Unknown","Unknown","Yes","Unknown","Unknown","Unknown","Unknown","Yes","Unknown","Unknown","Unknown","Unknown","Unknown","Yes","Unknown","Unknown","Unknown","Unknown","Yes","Yes","Unknown","Unknown","Yes","Yes","Yes","Yes","Unknown","Unknown","Unknown","Major","Medium","Large","38.966667000000001","117.666667000000004"
"753.0","57818.0","China -- 57815","Chiwan","Mawan","CN CWN","China","Gulf of Tonkin; South China Sea; North Pacific Ocean","","Sailing Directions Pub. 161 (Enroute) - South China Sea and Gulf of Thailand","https://msi.geo.nga.mil/api/publications/download?key=16694491/SFH00000/Pub161bk.pdf&type=view","93610.0","","","coa23b, gen23b","2.0","0.0","9.4","3.4","3.4","4.9","0.0","0.0","0.0","0.0","0.0","0.0","0.0","Very Small","Coastal (Breakwater)","Unknown","Fair","Yes","Yes","Unknown","Unknown","Unknown","Unknown","Unknown","Yes","Unknown","Unknown","Unknown","Unknown","Unknown","Unknown","Unknown","Unknown","Unknown","Yes","Yes","Unknown","Unknown","Unknown","Yes","Unknown","Unknown","Yes","Unknown","Unknown","Yes","Unknown","XI","Unknown","Unknown","Unknown","Unknown","Unknown","Unknown","Unknown","Unknown","Unknown","Unknown","Unknown","Unknown","Unknown","Unknown","Unknown","Unknown","Unknown","Unknown","Unknown","Unknown","Yes","Unknown","Unknown","Unknown","Yes","Yes","Yes","Yes","Unknown","Unknown","Unknown","Unknown","Unknown","Unknown","Yes","Yes","Yes","Yes","Unknown","Unknown","Unknown","Limited","Unknown","Small","19.966667000000001","110.033332999999999"
"780.0","60130.0","China Continued -- 59850","Lianyungang","Laoyao; Yuntai","CN LYG","China","Yellow Sea; North Pacific Ocean","","Sailing Directions Pub. 157 (Enroute) - Coasts of Korea and China","https://msi.geo.nga.mil/api/publications/download?key=16694491/SFH00000/Pub157bk.pdf&type=view","94280.0","","","a2360130, coa23d, gen23a, h2360130","5.0","0.0","15.5","15.5","12.5","0.0","0.0","0.0","0.0","0.0","0.0","0.0","0.0","Small","Coastal (Breakwater)","Unknown","Fair","Unknown","Unknown","Unknown","Yes","Unknown","Unknown","Yes","Yes","Unknown","Yes","Yes","Unknown","Yes","Unknown","Unknown","Unknown","Unknown","Yes","Yes","Unknown","Yes","Unknown","Yes","Unknown","Unknown","Yes","Unknown","Unknown","Yes","Unknown","XI","Yes","Yes","Unknown","Unknown","Unknown","Unknown","Unknown","Unknown","Unknown","Unknown","Unknown","Unknown","Unknown","Unknown","Yes","Unknown","Unknown","Unknown","Yes","Yes","Yes","Yes","Unknown","Yes","Unknown","Yes","Unknown","Yes","Unknown","Unknown","Unknown","Unknown","Unknown","Unknown","Yes","Yes","Yes","Yes","Unknown","Unknown","Unknown","Limited","Unknown","Medium","34.733333000000002","119.450000000000003"
"832.0","57825.0","China -- 57815","Huangpuxingang","","CN HUN","China","South China Sea; North Pacific Ocean","","Sailing Directions Pub. 161 (Enroute) - South China Sea and Gulf of Thailand","https://msi.geo.nga.mil/api/publications/download?key=16694491/SFH00000/Pub161bk.pdf&type=view","93726.0","","","a2357825, gen23b","2.0","0.0","1.8","6.4","14.0","0.0","0.0","0.0","0.0","0.0","0.0","0.0","0.0","Small","River (Natural)","Unknown","Good","Yes","Yes","Unknown","Yes","Yes","Unknown","Unknown","Yes","Unknown","Yes","Yes","Unknown","Yes","Unknown","Unknown","Unknown","Unknown","Yes","Yes","Unknown","Unknown","Unknown","Yes","Unknown","Unknown","Yes","Unknown","Unknown","Unknown","Unknown","XI","Yes","Unknown","Unknown","Unknown","Unknown","Unknown","Unknown","Unknown","Unknown","Unknown","Unknown","Unknown","Unknown","Unknown","Yes","Unknown","Unknown","Unknown","Unknown","Unknown","Yes","Yes","Unknown","Unknown","Unknown","Yes","Unknown","Yes","Unknown","Unknown","Unknown","Unknown","Unknown","Unknown","Yes","Yes","Yes","Yes","Unknown","Unknown","Unknown","Limited","Medium","Small","23.050000000000001","113.500000000000000"
"999.0","57760.0","China -- 57740","Haikou","Hoihow","CN HIG","China","South China Sea; North Pacific Ocean","","Sailing Directions Pub. 161 (Enroute) - South China Sea and Gulf of Thailand","https://msi.geo.nga.mil/api/publications/download?key=16694491/SFH00000/Pub161bk.pdf&type=view","93610.0","","","coa23b, gen23b, h2357752","1.0","0.0","9.4","15.5","9.4","0.0","0.0","263.2","33.0","10.0","0.0","0.0","0.0","Very Small","Coastal (Natural)","Unknown","Fair","Yes","Yes","No","Yes","Yes","Unknown","Yes","Yes","Unknown","Yes","Unknown","Unknown","Yes","Unknown","Unknown","Yes","No","Yes","Yes","Unknown","Unknown","Unknown","Yes","Unknown","Unknown","Yes","Unknown","Yes","Unknown","Unknown","XI","Yes","Yes","Unknown","Unknown","Unknown","Unknown","Unknown","Unknown","Unknown","Unknown","Unknown","Unknown","Unknown","Unknown","Yes","Unknown","Unknown","Unknown","No","Unknown","Yes","Yes","Unknown","Unknown","Unknown","Unknown","Yes","Yes","Unknown","Unknown","Unknown","Unknown","Unknown","Unknown","Yes","Yes","Yes","Unknown","Unknown","Unknown","Unknown","Limited","Unknown","Unknown","20.050000000000001","110.283332999999999"
"1016.0","60233.0","China Continued -- 59850","Dandong","","CN DDZ","China","Korea Bay; Yellow Sea; North Pacific Ocean","","Sailing Directions Pub. 157 (Enroute) - Coasts of Korea and China","https://msi.geo.nga.mil/api/publications/download?key=16694491/SFH00000/Pub157bk.pdf&type=view","803417.0","","","a2360275, coa23e, gen23a","5.0","0.0","4.9","4.9","6.4","3.4","0.0","0.0","0.0","0.0","0.0","0.0","0.0","Very Small","Open Roadstead","Unknown","Fair","Unknown","Unknown","No","Unknown","Yes","Unknown","Unknown","Unknown","Unknown","Yes","Yes","Unknown","Yes","Unknown","Unknown","Unknown","Unknown","Yes","Yes","Unknown","Unknown","Unknown","Yes","Unknown","Unknown","Yes","Yes","Yes","Yes","Unknown","XI","Unknown","Yes","Unknown","Unknown","Unknown","Unknown","Unknown","Unknown","Unknown","Unknown","Unknown","Unknown","Unknown","Unknown","Yes","No","Unknown","Unknown","No","Yes","Yes","Unknown","Unknown","Unknown","Unknown","Yes","Yes","Unknown","Unknown","Unknown","Unknown","Unknown","Unknown","Unknown","Yes","Yes","Yes","Unknown","Unknown","Unknown","Unknown","Limited","Unknown","Medium","39.816667000000002","124.150000000000006"
"1110.0","59970.0","China Continued -- 59850","Shanghai","Shanghai","CN SGH","China","East China Sea; North Pacific Ocean","","Sailing Directions Pub. 157 (Enroute) - Coasts of Korea and China","https://msi.geo.nga.mil/api/publications/download?key=16694491/SFH00000/Pub157bk.pdf&type=view","94219.0","","","coa23d, gen23a, h2359970","2.0","0.0","7.9","14.0","11.0","9.4","0.0","0.0","0.0","0.0","0.0","0.0","0.0","Large","River (Natural)","Unknown","Good","Yes","Yes","Unknown","Yes","Yes","Unknown","Yes","Yes","Unknown","Yes","Yes","Unknown","Unknown","Unknown","Unknown","Yes","Yes","Yes","Yes","Unknown","Yes","Yes","Yes","Yes","Yes","Yes","Yes","Yes","Yes","Unknown","XI","Yes","Yes","Unknown","Yes","Unknown","Unknown","Unknown","Unknown","Unknown","Unknown","Unknown","Unknown","Unknown","Unknown","Yes","Yes","Unknown","Unknown","Unknown","Yes","Yes","Yes","Unknown","Yes","Yes","Yes","Yes","Yes","Yes","Yes","Yes","Yes","Unknown","Unknown","Yes","Yes","Yes","Yes","Unknown","Yes","Yes","Major","Large","Large","31.216667000000001","121.500000000000000"
"1119.0","60190.0","China Continued -- 59850","Tianjin Xin Gang","Tien Ching; Tientsin","CN TXG","China","Bo Hai; Yellow Sea; North Pacific Ocean","","Sailing Directions Pub. 157 (Enroute) - Coasts of Korea and China","https://msi.geo.nga.mil/api/publications/download?key=16694491/SFH00000/Pub157bk.pdf&type=view","94363.0","","","a2360180, coa23e, gen23a, h2360180","3.0","0.0","14.0","15.5","21.6","12.5","0.0","0.0","0.0","0.0","0.0","0.0","0.0","Large","River (Natural)","Unknown","Excellent","Yes","Unknown","Yes","Yes","Unknown","Unknown","Yes","No","Unknown","Yes","Yes","Unknown","Yes","Unknown","Unknown","Yes","No","Yes","Unknown","Unknown","Yes","Unknown","Yes","Unknown","Unknown","Yes","Yes","Yes","Yes","Unknown","XI","Yes","Yes","Unknown","Unknown","Unknown","Unknown","Unknown","Unknown","Unknown","Unknown","Unknown","Unknown","Unknown","Unknown","Yes","Yes","Unknown","Unknown","No","Yes","Yes","Unknown","Unknown","Unknown","Unknown","Yes","Yes","Yes","Yes","Unknown","Unknown","Unknown","Unknown","Unknown","Yes","Yes","Yes","Yes","Unknown","Unknown","Unknown","Limited","Large","Large","38.966667000000001","117.833332999999996"
"1132.0","60200.0","China Continued -- 59850","Qinhuangdao","Chin Huang Tao; Chin Wangtao; Qinhuangdao","CN SHP","China","Bo Hai; Yellow Sea; North Pacific Ocean","","Sailing Directions Pub. 157 (Enroute) - Coasts of Korea and China","https://msi.geo.nga.mil/api/publications/download?key=16694491/SFH00000/Pub157bk.pdf&type=view","94360, 94420","","","coa23e, gen23a, h2360200","1.0","0.0","12.5","14.0","15.5","11.0","0.0","0.0","0.0","0.0","0.0","0.0","0.0","Medium","Coastal (Breakwater)","Unknown","Fair","Unknown","Unknown","Yes","Yes","Yes","Unknown","Unknown","Yes","Unknown","Yes","Yes","Unknown","Yes","Unknown","Unknown","Yes","Unknown","Yes","Unknown","Unknown","Yes","Unknown","Yes","Unknown","Unknown","Yes","Unknown","Yes","Yes","Unknown","XI","Yes","Yes","Unknown","Unknown","Unknown","Unknown","Unknown","Unknown","Unknown","Unknown","Unknown","Unknown","Unknown","Unknown","Yes","Unknown","Unknown","Unknown","Unknown","Unknown","Yes","Yes","Unknown","Yes","Yes","Unknown","Unknown","Yes","Yes","Unknown","Unknown","Unknown","Unknown","Unknown","Yes","Yes","Yes","Yes","Unknown","Unknown","Unknown","Limited","Medium","Medium","39.933332999999998","119.616667000000007"
"1136.0","60220.0","China Continued -- 59850","Yingkou","Newchwang","CN YIK","China","Bo Hai; Yellow Sea; North Pacific Ocean","","Sailing Directions Pub. 157 (Enroute) - Coasts of Korea and China","https://msi.geo.nga.mil/api/publications/download?key=16694491/SFH00000/Pub157bk.pdf&type=view","94380.0","","","a2360220, coa23e, gen23a, h2360220","2.0","0.0","4.9","7.9","4.9","11.0","0.0","0.0","0.0","0.0","0.0","0.0","0.0","Small","Coastal (Breakwater)","Unknown","Fair","Unknown","Unknown","Yes","Unknown","Unknown","Unknown","Unknown","Yes","Unknown","Yes","Yes","Unknown","Yes","Unknown","Unknown","Yes","Unknown","Yes","Yes","Unknown","Unknown","Unknown","Yes","Unknown","Unknown","Yes","Unknown","Unknown","Yes","Unknown","XI","Yes","Yes","Unknown","Yes","Unknown","Unknown","Unknown","Unknown","Unknown","Unknown","Unknown","Unknown","Unknown","Unknown","Yes","Unknown","Unknown","Unknown","Unknown","Yes","Yes","Unknown","Unknown","Unknown","Unknown","Yes","Yes","Yes","Unknown","Unknown","Unknown","Unknown","Unknown","Unknown","Yes","Yes","Yes","Yes","Unknown","Unknown","Unknown","Limited","Unknown","Small","40.683332999999998","122.233333000000002"
"1149.0","60160.0","China Continued -- 59850","Yantai","Chefoo; Chin Fou","CN YTG","China","Yellow Sea; North Pacific Ocean","","Sailing Directions Pub. 157 (Enroute) - Coasts of Korea and China","https://msi.geo.nga.mil/api/publications/download?key=16694491/SFH00000/Pub157bk.pdf&type=view","94420.0","","","a2360160, coa23e, gen23a, h2360160","2.0","0.0","14.0","15.5","14.0","0.0","0.0","0.0","0.0","0.0","0.0","0.0","0.0","Small","Coastal (Breakwater)","Unknown","Good","Yes","Unknown","Yes","Yes","Unknown","Unknown","Unknown","Unknown","Unknown","Yes","Yes","Yes","Unknown","Unknown","Unknown","Unknown","No","Yes","Yes","Unknown","Yes","Unknown","Yes","Unknown","Unknown","Yes","Yes","Yes","Yes","Unknown","XI","Yes","Unknown","Unknown","Unknown","Unknown","Unknown","Unknown","Unknown","Unknown","Unknown","Unknown","Unknown","Unknown","Unknown","Yes","Yes","Unknown","Unknown","Yes","Unknown","Yes","Unknown","Unknown","Unknown","Unknown","Unknown","Yes","Yes","Unknown","Unknown","Unknown","Unknown","Unknown","Unknown","Yes","Yes","Unknown","Yes","Unknown","Yes","Yes","Major","Unknown","Medium","37.549999999999997","121.450000000000003"
"1166.0","59950.0","China Continued -- 59850","Zhen Hai","Chen-hai; Chinhai","CN ZHI","China","East China Sea; North Pacific Ocean","","Sailing Directions Pub. 157 (Enroute) - Coasts of Korea and China","https://msi.geo.nga.mil/api/publications/download?key=16694491/SFH00000/Pub157bk.pdf&type=view","94203.0","","","a2359940, coa23d, gen23a, h2359940","2.0","0.0","4.9","3.4","6.4","14.0","0.0","0.0","0.0","0.0","0.0","0.0","0.0","Very Small","River (Natural)","Unknown","Good","Yes","No","No","Yes","Unknown","Unknown","Yes","Unknown","Unknown","Yes","Yes","Unknown","Yes","Unknown","Unknown","Unknown","Unknown","Yes","Yes","Unknown","Unknown","Unknown","Yes","Unknown","Unknown","Yes","Unknown","Yes","Yes","Unknown","XI","Yes","Unknown","Unknown","Unknown","Unknown","Unknown","Unknown","Unknown","Unknown","Unknown","Unknown","Unknown","Unknown","Unknown","Yes","Unknown","Unknown","Unknown","Yes","Unknown","Yes","Unknown","Unknown","Unknown","Unknown","Unknown","Yes","Yes","Unknown","Unknown","Unknown","Unknown","Unknown","Unknown","Yes","Yes","Yes","Unknown","Unknown","Unknown","Unknown","Moderate","Unknown","Medium","29.949999999999999","121.700000000000003"
"1242.0","60125.0","China Continued -- 59850","Lanshan","","CN LSN","China","Yellow Sea; North Pacific Ocean","","Sailing Directions Pub. 157 (Enroute) - Coasts of Korea and China","https://msi.geo.nga.mil/api/publications/download?key=16694491/SFH00000/Pub157bk.pdf&type=view","94280.0","","","coa23d, gen23a","3.0","0.0","14.0","12.5","12.5","7.9","0.0","0.0","0.0","0.0","0.0","0.0","0.0","Very Small","Open Roadstead","Unknown","Fair","Unknown","Unknown","Unknown","Yes","Yes","Unknown","Unknown","Yes","Unknown","Yes","Yes","Unknown","Yes","Unknown","Unknown","Unknown","Unknown","Yes","Yes","Unknown","Unknown","Unknown","Yes","Unknown","Unknown","Yes","Yes","Unknown","Unknown","Unknown","XI","Yes","Yes","Unknown","Unknown","Unknown","Unknown","Unknown","Unknown","Unknown","Unknown","Unknown","Unknown","Unknown","Unknown","Unknown","Unknown","Unknown","Unknown","Unknown","Unknown","Unknown","Unknown","Unknown","Unknown","Unknown","Yes","Yes","Yes","Unknown","Unknown","Unknown","Unknown","Unknown","Unknown","Unknown","Yes","No","No","Unknown","Unknown","Unknown","Unknown","Unknown","Unknown","35.079999999999998","119.366667000000007"
"1810.0","57745.0","China -- 57740","Fang-Cheng","","CN FAN","China","Gulf of Tonkin; South China Sea; North Pacific Ocean","","Sailing Directions Pub. 161 (Enroute) - South China Sea and Gulf of Thailand","https://msi.geo.nga.mil/api/publications/download?key=16694491/SFH00000/Pub161bk.pdf&type=view","93650.0","","","coa23b, gen23b","4.0","0.0","15.5","11.0","12.5","9.4","0.0","0.0","54.0","20.0","0.0","0.0","0.0","Medium","River (Natural)","Unknown","Good","Yes","Unknown","Unknown","Yes","Yes","Unknown","Unknown","Yes","Unknown","Yes","Yes","Unknown","Yes","Unknown","Unknown","Unknown","Unknown","Yes","Yes","Unknown","Unknown","Unknown","Yes","Unknown","Unknown","Yes","Yes","Unknown","Yes","Unknown","XI","Yes","Yes","Unknown","Unknown","Unknown","Unknown","Unknown","Unknown","Unknown","Unknown","Unknown","Unknown","Unknown","Unknown","Yes","Yes","Unknown","Unknown","Yes","Unknown","Yes","Yes","Unknown","Unknown","Unknown","Yes","Yes","Unknown","Unknown","Unknown","Unknown","Unknown","Unknown","Unknown","Yes","Yes","Yes","Yes","Unknown","Unknown","Unknown","Limited","Small","Unknown","21.750000000000000","108.349999999999994"
"1822.0","59930.0","China Continued -- 59850","Haimen","Haimen; Taizhou","CN HME","China","East China Sea; North Pacific Ocean","","Sailing Directions Pub. 157 (Enroute) - Coasts of Korea and China","https://msi.geo.nga.mil/api/publications/download?key=16694491/SFH00000/Pub157bk.pdf&type=view","94180.0","","","coa23d, gen23a, h2359925","4.0","0.0","6.4","7.9","4.9","6.4","0.0","0.0","0.0","15.3","0.0","0.0","0.0","Very Small","River (Natural)","Unknown","Good","Yes","Yes","Unknown","Yes","Unknown","Unknown","Yes","Unknown","Unknown","Yes","Yes","Unknown","Yes","Unknown","Unknown","Unknown","Unknown","Yes","Yes","Unknown","Unknown","Unknown","Yes","Unknown","Unknown","Yes","Yes","Yes","Unknown","Unknown","XI","Yes","Yes","Unknown","Unknown","Unknown","Unknown","Unknown","Unknown","Unknown","Unknown","Unknown","Unknown","Unknown","Unknown","Yes","Unknown","Unknown","Unknown","Unknown","Yes","Yes","Unknown","Unknown","Unknown","Unknown","Yes","Yes","Yes","Unknown","Unknown","Unknown","Unknown","Unknown","Unknown","Yes","Yes","Yes","Unknown","Unknown","Unknown","Unknown","Limited","Unknown","Unknown","28.683333000000001","121.450000000000003"
"1823.0","59960.0","China Continued -- 59850","Zhoushan","Dinghai","CN ZOS","China","East China Sea; North Pacific Ocean","","Sailing Directions Pub. 157 (Enroute) - Coasts of Korea and China","https://msi.geo.nga.mil/api/publications/download?key=16694491/SFH00000/Pub157bk.pdf&type=view","94203.0","","","a2359940, coa23d, gen23a","1.0","0.0","21.6","21.6","23.2","3.4","0.0","0.0","0.0","23.0","0.0","0.0","0.0","Small","Coastal (Natural)","Unknown","Good","Yes","Unknown","Unknown","Yes","Yes","Unknown","Yes","Unknown","Unknown","Yes","Yes","Unknown","Yes","Unknown","Unknown","Yes","Unknown","Yes","Yes","Unknown","Unknown","Unknown","Yes","Unknown","Unknown","Yes","Unknown","Unknown","Unknown","Unknown","XI","Unknown","Yes","Unknown","Unknown","Unknown","Unknown","Unknown","Unknown","Unknown","Unknown","Unknown","Unknown","Unknown","Unknown","Yes","Yes","Unknown","Unknown","Yes","Yes","Yes","Unknown","Unknown","Unknown","Unknown","Unknown","Yes","Yes","Unknown","Unknown","Unknown","Unknown","Unknown","Unknown","Yes","Yes","Unknown","Yes","Unknown","Unknown","Unknown","Limited","Medium","Unknown","30.000000000000000","122.099999999999994"
"2523.0","59974.0","China Continued -- 59850","Changshu","","CN CGS","China","East China Sea; North Pacific Ocean","","Sailing Directions Pub. 157 (Enroute) - Coasts of Korea and China","https://msi.geo.nga.mil/api/publications/download?key=16694491/SFH00000/Pub157bk.pdf&type=view","","","","a2359970, gen23a","3.0","0.0","6.4","12.5","6.4","7.9","0.0","0.0","0.0","0.0","0.0","0.0","0.0","Small","Open Roadstead","Unknown","Fair","Unknown","Unknown","Unknown","Unknown","Unknown","Unknown","Unknown","Unknown","Unknown","Yes","Yes","Unknown","Yes","Unknown","Unknown","Unknown","Unknown","Yes","Yes","Unknown","Unknown","Unknown","Yes","Unknown","Unknown","Yes","Unknown","Unknown","Unknown","Unknown","XI","Yes","Unknown","Unknown","Unknown","Unknown","Unknown","Unknown","Unknown","Unknown","Unknown","Unknown","Unknown","Unknown","Unknown","Unknown","Unknown","Unknown","Unknown","Unknown","Unknown","Yes","Yes","Unknown","Yes","Yes","Yes","Yes","Unknown","Unknown","Unknown","Unknown","Unknown","Unknown","Unknown","Unknown","Yes","Yes","Unknown","Unknown","Unknown","Unknown","Unknown","Unknown","Unknown","31.766667000000002","120.950000000000003"
"2524.0","59991.0","China Continued -- 59850","Nantong","","CN NTG","China","East China Sea; North Pacific Ocean","","Sailing Directions Pub. 157 (Enroute) - Coasts of Korea and China","https://msi.geo.nga.mil/api/publications/download?key=16694491/SFH00000/Pub157bk.pdf&type=view","","","","gen23a","2.0","0.0","9.4","9.4","7.9","6.4","0.0","0.0","0.0","0.0","0.0","0.0","0.0","Small","River (Natural)","Unknown","Fair","Unknown","Yes","Unknown","Yes","Yes","Unknown","Yes","Unknown","Unknown","Yes","Unknown","Yes","Unknown","Unknown","Unknown","Unknown","Unknown","Yes","Yes","Unknown","Unknown","Unknown","Yes","Unknown","Unknown","Yes","Unknown","Unknown","Yes","Unknown","XI","Unknown","Unknown","Unknown","Unknown","Unknown","Unknown","Unknown","Unknown","Unknown","Unknown","Unknown","Unknown","Unknown","Unknown","Yes","Unknown","Unknown","Unknown","Unknown","Yes","Yes","Yes","Unknown","Yes","Unknown","Yes","Yes","Yes","Unknown","Unknown","Unknown","Unknown","Unknown","Unknown","Yes","Yes","Yes","Yes","Unknown","Unknown","Unknown","Limited","Medium","Unknown","32.000000000000000","120.799999999999997"
"2716.0","57775.0","China -- 57740","Lon Shui Terminal","","","China","South China Sea; North Pacific Ocean","","Sailing Directions Pub. 161 (Enroute) - South China Sea and Gulf of Thailand","https://msi.geo.nga.mil/api/publications/download?key=16694491/SFH00000/Pub161bk.pdf&type=view","","","","gen23b","0.0","0.0","23.2","0.0","0.0","23.2","0.0","0.0","0.0","0.0","0.0","0.0","0.0","Large","Open Roadstead","Unknown","Poor","Yes","Yes","Unknown","Yes","Unknown","Unknown","Unknown","Unknown","Unknown","Yes","Yes","Unknown","Unknown","Unknown","Unknown","Unknown","Unknown","Yes","Yes","Yes","Yes","Yes","Yes","Unknown","Unknown","Yes","Yes","Unknown","Unknown","Unknown","XI","Yes","No","Unknown","Yes","Unknown","Unknown","Unknown","Unknown","Unknown","Unknown","Unknown","Unknown","Unknown","Unknown","Yes","No","Unknown","Unknown","No","Unknown","Unknown","Unknown","Unknown","Unknown","Unknown","Unknown","Unknown","Unknown","Unknown","Unknown","Unknown","Unknown","Unknown","Unknown","Unknown","Yes","No","Unknown","Unknown","Unknown","Unknown","None","Unknown","Unknown","20.833333000000000","115.683333000000005"
"2787.0","59985.0","China Continued -- 59850","Jiangyin","","CN JGY","China","East China Sea; North Pacific Ocean","","Sailing Directions Pub. 157 (Enroute) - Coasts of Korea and China","https://msi.geo.nga.mil/api/publications/download?key=16694491/SFH00000/Pub157bk.pdf&type=view","","","","gen23a","2.0","0.0","6.4","4.9","7.9","4.9","0.0","0.0","0.0","0.0","0.0","0.0","0.0","Small","River (Natural)","Unknown","Fair","Yes","Unknown","Unknown","Unknown","Unknown","Unknown","Yes","Yes","Unknown","Yes","Yes","Unknown","Yes","Unknown","Unknown","Unknown","Unknown","Yes","Yes","Unknown","Unknown","Unknown","Yes","Unknown","Unknown","Yes","Unknown","Yes","Unknown","Unknown","XI","Yes","Unknown","Unknown","Unknown","Unknown","Unknown","Unknown","Unknown","Unknown","Unknown","Unknown","Unknown","Unknown","Unknown","Unknown","Unknown","Unknown","Unknown","Unknown","Yes","Yes","Yes","Unknown","Yes","Yes","Unknown","Yes","Yes","Unknown","Unknown","Unknown","Unknown","Unknown","Unknown","Yes","Yes","Yes","Unknown","Unknown","Unknown","Unknown","Limited","Unknown","Unknown","31.916667000000000","120.233333000000002"
"2788.0","59986.0","China Continued -- 59850","Changzhou","","CN CZX","China","East China Sea; North Pacific Ocean","","Sailing Directions Pub. 157 (Enroute) - Coasts of Korea and China","https://msi.geo.nga.mil/api/publications/download?key=16694491/SFH00000/Pub157bk.pdf&type=view","","","","gen23a","2.0","0.0","9.4","4.9","11.0","0.0","0.0","0.0","0.0","0.0","0.0","0.0","0.0","Small","Open Roadstead","Unknown","Poor","Unknown","Unknown","Unknown","Yes","Yes","Unknown","Unknown","Unknown","Unknown","Unknown","Unknown","Unknown","Yes","Unknown","Unknown","Unknown","Unknown","Yes","Yes","Unknown","Unknown","Unknown","Yes","Unknown","Unknown","Yes","Unknown","Unknown","Unknown","Unknown","XI","Yes","Unknown","Unknown","Unknown","Unknown","Unknown","Unknown","Unknown","Unknown","Unknown","Unknown","Unknown","Unknown","Unknown","Unknown","Unknown","Unknown","Unknown","Unknown","Yes","Yes","Unknown","Unknown","Unknown","Unknown","Yes","Yes","Unknown","Unknown","Unknown","Unknown","Unknown","Unknown","Unknown","Unknown","Yes","Yes","Unknown","Unknown","Unknown","Unknown","Limited","Unknown","Unknown","31.966667000000001","119.983333000000002"
"2789.0","59987.0","China Continued -- 59850","Gaogang","Taizhou","CN GAO","China","East China Sea; North Pacific Ocean","","Sailing Directions Pub. 157 (Enroute) - Coasts of Korea and China","https://msi.geo.nga.mil/api/publications/download?key=16694491/SFH00000/Pub157bk.pdf&type=view","","","","gen23a","2.0","0.0","9.4","9.4","7.9","6.4","0.0","0.0","0.0","0.0","0.0","0.0","0.0","Small","River (Natural)","Unknown","Fair","Unknown","Unknown","No","Yes","No","Unknown","Yes","Yes","Unknown","Yes","Yes","Unknown","Yes","Unknown","Unknown","Unknown","Unknown","Yes","Yes","Unknown","Unknown","Unknown","Yes","Unknown","Unknown","Yes","Unknown","Unknown","Unknown","Unknown","XI","Yes","Yes","Unknown","Unknown","Unknown","Unknown","Unknown","Unknown","Unknown","Unknown","Unknown","Unknown","Unknown","Unknown","Unknown","Unknown","Unknown","Unknown","Unknown","Unknown","Yes","Yes","Unknown","Unknown","Yes","Yes","Yes","Unknown","Unknown","Unknown","Unknown","Unknown","Unknown","Unknown","Yes","Yes","Yes","Unknown","Unknown","Unknown","Unknown","Limited","Unknown","Unknown","32.283332999999999","119.849999999999994"
"2807.0","57750.0","China -- 57740","Beihai","Pakho; Pakhoi","CN BIH","China","Gulf of Tonkin; South China Sea; North Pacific Ocean","","Sailing Directions Pub. 161 (Enroute) - South China Sea and Gulf of Thailand","https://msi.geo.nga.mil/api/publications/download?key=16694491/SFH00000/Pub161bk.pdf&type=view","93650.0","","","a2357750, coa23b, gen23b, h2357750","3.0","0.0","11.0","9.4","11.0","11.0","0.0","299.0","49.0","12.9","0.0","0.0","0.0","Very Small","Open Roadstead","Unknown","Good","Yes","Unknown","Unknown","Yes","Yes","Unknown","Unknown","Yes","Unknown","Yes","Yes","Unknown","Yes","Unknown","Unknown","Yes","Yes","Unknown","Yes","Unknown","Unknown","Unknown","Unknown","Unknown","Unknown","Yes","Unknown","Yes","Unknown","Unknown","XI","Yes","Yes","Unknown","Unknown","Unknown","Unknown","Unknown","Unknown","Unknown","Unknown","Unknown","Unknown","Unknown","Unknown","Yes","Unknown","Unknown","Unknown","No","Unknown","Yes","Unknown","Unknown","Unknown","Yes","Yes","Yes","Yes","Yes","Unknown","Yes","Yes","Unknown","Unknown","Unknown","Yes","Unknown","Unknown","Unknown","Unknown","Unknown","Limited","Unknown","Unknown","21.483332999999998","109.066666999999995"
"2808.0","57859.0","China -- 57855","Huizhou","","CN HUI","China","South China Sea; North Pacific Ocean","","Sailing Directions Pub. 157 (Enroute) - Coasts of Korea and China","https://msi.geo.nga.mil/api/publications/download?key=16694491/SFH00000/Pub157bk.pdf&type=view","93730.0","","","coa23c, gen23b","1.0","0.0","9.4","11.0","7.9","9.4","0.0","340.0","60.0","19.8","0.0","0.0","0.0","Very Small","Coastal (Natural)","Unknown","Fair","Unknown","Unknown","Unknown","Yes","Unknown","Unknown","Unknown","Yes","Unknown","Yes","Yes","Unknown","Yes","Unknown","Unknown","Unknown","No","Yes","Yes","Unknown","Unknown","Yes","Yes","Unknown","Unknown","Yes","Yes","Yes","Unknown","Unknown","XI","Unknown","Unknown","Unknown","Unknown","Unknown","Unknown","Unknown","Unknown","Unknown","Unknown","Unknown","Unknown","Unknown","Unknown","Yes","No","Unknown","Unknown","No","Yes","Yes","Yes","Unknown","Unknown","Unknown","Yes","Yes","Yes","Unknown","Unknown","Unknown","Unknown","Unknown","Unknown","Unknown","Yes","No","No","Unknown","Unknown","Unknown","None","Unknown","Unknown","22.716667000000001","114.516666999999998"
"2809.0","57862.0","China -- 57855","Chaozhou","Sanbaimen","CN COZ","China","South China Sea; North Pacific Ocean","","Sailing Directions Pub. 157 (Enroute) - Coasts of Korea and China","https://msi.geo.nga.mil/api/publications/download?key=16694491/SFH00000/Pub157bk.pdf&type=view","94040.0","","","a2357860, coa23c, gen23b","2.0","0.0","0.0","12.5","0.0","0.0","0.0","230.0","14.0","38.0","0.0","0.0","0.0","Medium","Coastal (Natural)","Unknown","Fair","Unknown","Unknown","Unknown","No","No","Unknown","Unknown","Unknown","Unknown","Unknown","Unknown","Unknown","Unknown","Unknown","Unknown","Unknown","Unknown","Yes","Yes","Unknown","Unknown","Unknown","Unknown","Unknown","Unknown","Yes","Unknown","Unknown","Unknown","Unknown","XI","Yes","Unknown","Unknown","Unknown","Unknown","Unknown","Unknown","Unknown","Unknown","Unknown","Unknown","Unknown","Unknown","Unknown","Unknown","Unknown","Unknown","Unknown","Unknown","Yes","Yes","Unknown","Unknown","Unknown","Unknown","Yes","Unknown","Unknown","Unknown","Unknown","Unknown","Unknown","Unknown","Unknown","Unknown","Unknown","Unknown","Yes","Unknown","Unknown","Unknown","Unknown","Unknown","Unknown","23.616667000000000","117.083332999999996"
"2815.0","60060.0","China Continued -- 59850","Hankow","Wu Han","CN HNK","China","East China Sea; North Pacific Ocean","","Sailing Directions Pub. 157 (Enroute) - Coasts of Korea and China","https://msi.geo.nga.mil/api/publications/download?key=16694491/SFH00000/Pub157bk.pdf&type=view","","","","gen23b","1.0","0.0","3.4","6.4","4.9","12.5","0.0","0.0","0.0","0.0","0.0","0.0","0.0","Medium","River (Natural)","Unknown","Fair","Unknown","Unknown","Unknown","Yes","Yes","Unknown","Unknown","Unknown","Unknown","Yes","Yes","Unknown","Unknown","Unknown","Unknown","Yes","Unknown","Yes","Yes","Unknown","Unknown","Unknown","Yes","Unknown","Unknown","Yes","Unknown","Yes","Yes","Unknown","XI","Yes","Unknown","Unknown","Unknown","Unknown","Unknown","Unknown","Unknown","Unknown","Unknown","Unknown","Unknown","Unknown","Unknown","Unknown","Unknown","Unknown","Unknown","Unknown","Unknown","Yes","Yes","Unknown","Unknown","Yes","Yes","Yes","Yes","Unknown","Unknown","Unknown","Unknown","Unknown","Unknown","Yes","Yes","No","Yes","Unknown","Yes","Yes","Moderate","Unknown","Unknown","30.583333000000000","114.283332999999999"
"2816.0","60000.0","China Continued -- 59850","Nanjing","Nanking","CN NJI","China","East China Sea; North Pacific Ocean","","Sailing Directions Pub. 157 (Enroute) - Coasts of Korea and China","https://msi.geo.nga.mil/api/publications/download?key=16694491/SFH00000/Pub157bk.pdf&type=view","","","","gen23a","2.0","0.0","9.4","7.9","9.4","9.4","0.0","0.0","0.0","0.0","0.0","0.0","0.0","Very Small","River (Natural)","Unknown","Fair","Yes","Unknown","Yes","Yes","Unknown","Unknown","Yes","Yes","Unknown","Yes","Yes","Unknown","Yes","Unknown","Unknown","Yes","Unknown","Yes","Yes","Yes","Yes","Unknown","Yes","Yes","Yes","Yes","Unknown","Yes","Yes","Unknown","XI","Yes","Yes","Unknown","Unknown","Unknown","Unknown","Unknown","Unknown","Unknown","Unknown","Unknown","Unknown","Unknown","Unknown","Yes","No","Unknown","Unknown","No","Yes","Unknown","Yes","Unknown","Unknown","Yes","Yes","Yes","Yes","Unknown","Unknown","Unknown","Unknown","Unknown","Unknown","Yes","Yes","Yes","Yes","Unknown","Unknown","Unknown","Limited","Unknown","Small","32.083333000000003","118.750000000000000"
"2817.0","60030.0","China Continued -- 59850","Ankingcheng","Anking; Anqing; Huai Ning","","China","East China Sea; North Pacific Ocean","","Sailing Directions Pub. 157 (Enroute) - Coasts of Korea and China","https://msi.geo.nga.mil/api/publications/download?key=16694491/SFH00000/Pub157bk.pdf&type=view","","","","gen23a","1.0","0.0","3.4","6.4","1.8","4.9","0.0","0.0","0.0","0.0","0.0","0.0","0.0","Very Small","River (Natural)","Unknown","Fair","Unknown","Unknown","Unknown","Unknown","Unknown","Unknown","Yes","Unknown","Unknown","Yes","Yes","Yes","Unknown","Unknown","Unknown","Unknown","Unknown","Yes","Yes","Unknown","Unknown","Unknown","Yes","Unknown","Unknown","Yes","Yes","Yes","Yes","Unknown","XI","Yes","Yes","Unknown","Unknown","Unknown","Unknown","Unknown","Unknown","Unknown","Unknown","Unknown","Unknown","Unknown","Unknown","Yes","Unknown","Unknown","Unknown","Unknown","Yes","Yes","Yes","Unknown","Unknown","Unknown","Unknown","Yes","Yes","Unknown","Unknown","Unknown","Unknown","Unknown","Unknown","Yes","Yes","Yes","Yes","Unknown","Unknown","Unknown","None","Unknown","Small","30.516667000000002","117.033332999999999"
"3449.0","59988.0","China Continued -- 59850","Yangzhou","","CN YZH","China","East China Sea; North Pacific Ocean","","Sailing Directions Pub. 157 (Enroute) - Coasts of Korea and China","https://msi.geo.nga.mil/api/publications/download?key=16694491/SFH00000/Pub157bk.pdf&type=view","","","","gen23a","2.0","0.0","4.9","9.4","9.4","6.4","0.0","0.0","0.0","0.0","0.0","0.0","0.0","Small","River (Natural)","Unknown","Fair","Unknown","Unknown","Unknown","Yes","Yes","Unknown","Yes","Yes","Unknown","Unknown","Yes","Unknown","Yes","Unknown","Unknown","Unknown","Unknown","Yes","Yes","Unknown","Unknown","Unknown","Yes","Unknown","Yes","Unknown","Yes","Unknown","Unknown","Unknown","XI","Unknown","Unknown","Unknown","Unknown","Unknown","Unknown","Unknown","Unknown","Unknown","Unknown","Unknown","Unknown","Unknown","Unknown","Unknown","Unknown","Unknown","Unknown","No","Unknown","Yes","Yes","Unknown","Unknown","Unknown","Yes","Yes","Yes","Unknown","Unknown","Unknown","Unknown","Unknown","Unknown","Yes","Yes","Yes","Unknown","Unknown","Unknown","Unknown","Limited","Unknown","Unknown","32.266666999999998","119.433333000000005"
"3473.0","59976.0","China Continued -- 59850","Taicang","","CN TAC","China","East China Sea; North Pacific Ocean","","Sailing Directions Pub. 157 (Enroute) - Coasts of Korea and China","https://msi.geo.nga.mil/api/publications/download?key=16694491/SFH00000/Pub157bk.pdf&type=view","","","","a2359970, coa23d, gen23a","2.0","0.0","9.4","11.0","11.0","4.9","0.0","0.0","0.0","0.0","0.0","0.0","0.0","Very Small","Coastal (Breakwater)","Unknown","Fair","Unknown","Unknown","Unknown","Yes","Unknown","Unknown","Unknown","Unknown","Unknown","Yes","Yes","Unknown","Yes","Unknown","Unknown","Unknown","Unknown","Yes","Yes","Unknown","Yes","Unknown","Yes","Unknown","Unknown","Yes","Unknown","Unknown","Unknown","Unknown","XI","Unknown","Unknown","Unknown","Unknown","Unknown","Unknown","Unknown","Unknown","Unknown","Unknown","Unknown","Unknown","Unknown","Unknown","Unknown","Unknown","Unknown","Unknown","Yes","Yes","Yes","Unknown","Unknown","Unknown","Unknown","Yes","Yes","Unknown","Unknown","Unknown","Unknown","Unknown","Unknown","Unknown","Unknown","Yes","Yes","Unknown","Unknown","Unknown","Unknown","Limited","Unknown","Unknown","31.649999999999999","121.200000000000003"
"3540.0","60010.0","China Continued -- 59850","Wu Hu","","","China","East China Sea; North Pacific Ocean","","Sailing Directions Pub. 157 (Enroute) - Coasts of Korea and China","https://msi.geo.nga.mil/api/publications/download?key=16694491/SFH00000/Pub157bk.pdf&type=view","","","","gen23a","1.0","0.0","6.4","7.9","4.9","0.0","0.0","0.0","0.0","0.0","0.0","0.0","0.0","Small","River (Natural)","Unknown","Fair","Unknown","Unknown","Unknown","Yes","Unknown","Unknown","Unknown","Unknown","Unknown","Yes","Yes","Unknown","Unknown","Unknown","Unknown","Unknown","Unknown","Yes","Yes","Unknown","Unknown","Unknown","Yes","Unknown","Unknown","Yes","Unknown","Yes","Yes","Unknown","XI","Yes","Unknown","Unknown","Unknown","Unknown","Unknown","Unknown","Unknown","Unknown","Unknown","Unknown","Unknown","Unknown","Unknown","Yes","Unknown","Unknown","Unknown","Unknown","Yes","Yes","Yes","Unknown","Unknown","Unknown","Yes","Yes","Unknown","Unknown","Unknown","Unknown","Unknown","Unknown","Unknown","Yes","Yes","Unknown","Unknown","Unknown","Unknown","Unknown","None","Unknown","Unknown","31.333333000000000","118.366667000000007"
"3541.0","59990.0","China Continued -- 59850","Zhangjiangang","","CN ZJG","China","East China Sea; North Pacific Ocean","","Sailing Directions Pub. 157 (Enroute) - Coasts of Korea and China","https://msi.geo.nga.mil/api/publications/download?key=16694491/SFH00000/Pub157bk.pdf&type=view","","","","gen23a","3.0","0.0","9.4","7.9","9.4","6.4","0.0","0.0","0.0","0.0","0.0","0.0","0.0","Small","River (Natural)","Unknown","Fair","Unknown","Unknown","Unknown","Yes","Unknown","Unknown","Unknown","Unknown","Unknown","Yes","Yes","Unknown","Yes","Unknown","Unknown","Unknown","Unknown","Yes","Yes","Unknown","Unknown","Unknown","Yes","Unknown","Unknown","Yes","Unknown","Unknown","Unknown","Unknown","XI","Yes","Unknown","Unknown","Unknown","Unknown","Unknown","Unknown","Unknown","Unknown","Unknown","Unknown","Unknown","Unknown","Unknown","Unknown","Unknown","Unknown","Unknown","Yes","Unknown","Yes","Yes","Unknown","Unknown","Unknown","Yes","Yes","Yes","Unknown","Unknown","Unknown","Unknown","Unknown","Unknown","Yes","Yes","Yes","Unknown","Unknown","Unknown","Unknown","Limited","Unknown","Unknown","31.966667000000001","120.400000000000006"
"3587.0","59963.0","China Continued -- 59850","Zhapu","Chapu; Hangzhou","CN ZPU","China","East China Sea; North Pacific Ocean","","Sailing Directions Pub. 157 (Enroute) - Coasts of Korea and China","https://msi.geo.nga.mil/api/publications/download?key=16694491/SFH00000/Pub157bk.pdf&type=view","","","","coa23d, gen23a","2.0","0.0","7.9","11.0","11.0","12.5","0.0","0.0","0.0","0.0","0.0","0.0","0.0","Small","Open Roadstead","Unknown","Fair","Yes","Yes","Unknown","Yes","No","Unknown","Yes","Unknown","Unknown","Yes","Yes","Unknown","Yes","Unknown","Unknown","Unknown","Unknown","Yes","Yes","Unknown","Unknown","Unknown","Yes","Unknown","Unknown","Yes","Unknown","Unknown","Unknown","Unknown","XI","Unknown","Unknown","Unknown","Unknown","Unknown","Unknown","Unknown","Unknown","Unknown","Unknown","Unknown","Unknown","Unknown","Unknown","Unknown","Yes","Unknown","Unknown","Yes","Yes","Yes","Yes","Unknown","Unknown","Yes","Yes","Yes","Yes","Unknown","Unknown","Unknown","Unknown","Unknown","Unknown","Yes","Yes","Yes","Unknown","Unknown","Unknown","Unknown","Limited","Small","Unknown","30.583333000000000","121.083332999999996"
"3597.0","59860.0","China Continued -- 59850","Fuzhou","Foochou; Foochow","CN FZH","China","East China Sea; North Pacific Ocean","","Sailing Directions Pub. 157 (Enroute) - Coasts of Korea and China","https://msi.geo.nga.mil/api/publications/download?key=16694491/SFH00000/Pub157bk.pdf&type=view","","","","gen23b","6.5","0.0","9.5","11.0","11.0","11.0","0.0","397.9","62.0","27.5","0.0","0.0","0.0","Very Small","River (Natural)","Unknown","Good","Unknown","Unknown","Unknown","Yes","No","Unknown","Unknown","Yes","Unknown","Yes","Yes","Unknown","Yes","Unknown","Unknown","Unknown","Unknown","Yes","Yes","Unknown","Yes","Unknown","Yes","Unknown","Unknown","Yes","Unknown","Yes","Yes","Unknown","XI","Yes","Yes","Unknown","Unknown","Unknown","Unknown","Unknown","Unknown","Unknown","Unknown","Unknown","Unknown","Unknown","Unknown","Yes","Unknown","Unknown","Unknown","Unknown","Yes","Unknown","Yes","Unknown","Unknown","Yes","Yes","Yes","Yes","Unknown","Unknown","Unknown","Unknown","Unknown","Unknown","Yes","Yes","Yes","Unknown","Unknown","Yes","Unknown","Limited","Unknown","Unknown","26.083333000000000","119.299999999999997"
"3626.0","59910.0","China Continued -- 59850","Wenzhou","Yung Chia","CN WZO","China","East China Sea; North Pacific Ocean","","Sailing Directions Pub. 157 (Enroute) - Coasts of Korea and China","https://msi.geo.nga.mil/api/publications/download?key=16694491/SFH00000/Pub157bk.pdf&type=view","","","","gen23a","6.5","0.0","3.4","21.6","12.5","11.0","0.0","295.0","46.0","15.0","0.0","0.0","0.0","Medium","River (Natural)","Unknown","Good","Yes","Yes","Unknown","Yes","Unknown","Unknown","Yes","Unknown","Unknown","Yes","Yes","Unknown","Yes","Unknown","Unknown","Unknown","Unknown","Yes","Yes","Yes","Yes","Unknown","Yes","Unknown","Unknown","Yes","Unknown","Yes","Unknown","Unknown","XI","Yes","Yes","Unknown","Unknown","Unknown","Unknown","Unknown","Unknown","Unknown","Unknown","Unknown","Unknown","Unknown","Unknown","Yes","Unknown","Unknown","Unknown","Yes","Yes","Unknown","Unknown","Unknown","Unknown","Unknown","Yes","Yes","Yes","Unknown","Unknown","Unknown","Unknown","Unknown","Unknown","Yes","Yes","Unknown","Yes","Unknown","Unknown","Yes","Limited","Small","Unknown","28.016667000000002","120.650000000000006"
"3727.0","57860.0","China -- 57855","Shan T Ou","Swanton; Swatou","","China","South China Sea; North Pacific Ocean","","Sailing Directions Pub. 157 (Enroute) - Coasts of Korea and China","https://msi.geo.nga.mil/api/publications/download?key=16694491/SFH00000/Pub157bk.pdf&type=view","94040.0","","","a2357860, coa23c, gen23b, h2357860","2.0","0.0","7.9","4.9","4.9","3.4","0.0","349.0","43.0","14.5","0.0","0.0","0.0","Small","River (Natural)","Unknown","Excellent","Yes","Yes","No","Yes","Yes","Unknown","Yes","Unknown","Unknown","Yes","Yes","Unknown","Yes","Unknown","Unknown","Yes","No","Yes","Yes","Unknown","Unknown","Unknown","Yes","Unknown","Unknown","Yes","Unknown","Yes","Yes","Unknown","XI","Unknown","Yes","Unknown","Unknown","Unknown","Unknown","Unknown","Unknown","Unknown","Unknown","Unknown","Unknown","Unknown","Unknown","Yes","Unknown","Unknown","Unknown","No","Yes","Yes","Yes","Unknown","Unknown","Unknown","Yes","Yes","Yes","Unknown","Unknown","Unknown","Unknown","Unknown","Unknown","Yes","Yes","Unknown","Yes","Unknown","Unknown","Unknown","Limited","Unknown","Unknown","23.366667000000000","116.683333000000005"
"3728.0","57857.0","China -- 57855","Yantian","","CN YTN","China","South China Sea; North Pacific Ocean","","Sailing Directions Pub. 161 (Enroute) - South China Sea and Gulf of Thailand","https://msi.geo.nga.mil/api/publications/download?key=16694491/SFH00000/Pub161bk.pdf&type=view","93730.0","","","a2357840, coa23c, gen23b","1.0","0.0","14.0","21.6","14.0","6.4","0.0","400.0","61.5","17.6","0.0","0.0","0.0","Small","Coastal (Natural)","Unknown","Excellent","Yes","Yes","Unknown","Yes","Yes","Unknown","Unknown","Unknown","Unknown","Yes","Yes","Unknown","Yes","Unknown","Unknown","Yes","Unknown","Yes","Yes","Unknown","Yes","Unknown","Yes","Yes","Yes","Yes","Unknown","Unknown","Yes","Unknown","XI","Unknown","Unknown","Unknown","Unknown","Unknown","Unknown","Unknown","Unknown","Unknown","Unknown","Unknown","Unknown","Unknown","Unknown","Yes","Unknown","Unknown","Unknown","Unknown","Yes","Yes","Unknown","Unknown","Unknown","Unknown","Yes","Yes","Yes","Unknown","Unknown","Unknown","Unknown","Unknown","Unknown","Yes","Yes","Yes","Unknown","Unknown","Unknown","Unknown","Limited","Unknown","Small","22.583333000000000","114.266666999999998"
"3730.0","57872.0","China -- 57855","Zhangzhou","","CN ZZU","China","Taiwan Strait; North Pacific Ocean","","Sailing Directions Pub. 157 (Enroute) - Coasts of Korea and China","https://msi.geo.nga.mil/api/publications/download?key=16694491/SFH00000/Pub157bk.pdf&type=view","94060.0","","","coa23c, gen23b","4.0","0.0","11.0","12.5","6.4","0.0","0.0","295.0","46.0","15.0","0.0","0.0","0.0","Small","Coastal (Natural)","Unknown","Fair","Unknown","Unknown","Unknown","Yes","Unknown","Unknown","Yes","Unknown","Unknown","Unknown","Yes","Unknown","Yes","Unknown","Unknown","Unknown","Unknown","Yes","Yes","Unknown","Unknown","Unknown","Yes","Unknown","Unknown","Yes","Unknown","Unknown","Yes","Unknown","XI","Unknown","Unknown","Unknown","Unknown","Unknown","Unknown","Unknown","Unknown","Unknown","Unknown","Unknown","Unknown","Unknown","Unknown","Unknown","Unknown","Unknown","Unknown","Unknown","Yes","Yes","Unknown","Unknown","Yes","Yes","Yes","Yes","Yes","Unknown","Unknown","Unknown","Unknown","Unknown","Unknown","Yes","Yes","Yes","Unknown","Unknown","Unknown","Unknown","Unknown","Unknown","Small","24.683333000000001","118.150000000000006"
"3731.0","57876.0","China -- 57855","Xiuyu","","CN XYG","China","Taiwan Strait; North Pacific Ocean","","Sailing Directions Pub. 157 (Enroute) - Coasts of Korea and China","https://msi.geo.nga.mil/api/publications/download?key=16694491/SFH00000/Pub157bk.pdf&type=view","94060.0","","","coa23c, gen23b","5.0","0.0","12.5","7.9","3.4","4.9","0.0","362.0","65.0","17.9","0.0","0.0","0.0","Very Small","Coastal (Breakwater)","Unknown","Fair","Unknown","Unknown","Unknown","Unknown","No","Unknown","Unknown","Unknown","Unknown","Unknown","Unknown","Unknown","Unknown","Unknown","Unknown","Unknown","Unknown","Yes","Yes","Unknown","Unknown","Unknown","Yes","Unknown","Unknown","Yes","Unknown","Unknown","Unknown","Unknown","XI","Yes","Yes","Unknown","Unknown","Unknown","Unknown","Unknown","Unknown","Unknown","Unknown","Unknown","Unknown","Unknown","Unknown","Unknown","Unknown","Unknown","Unknown","Unknown","Unknown","Yes","Yes","Unknown","Unknown","Unknown","Unknown","Yes","Unknown","Unknown","Unknown","Unknown","Unknown","Unknown","Unknown","Yes","Yes","Yes","Unknown","Unknown","Unknown","Unknown","Unknown","Unknown","Unknown","25.233332999999998","118.983333000000002"
"3732.0","57874.0","China -- 57855","Quanzhou","","CN QZL","China","Taiwan Strait; North Pacific Ocean","","Sailing Directions Pub. 157 (Enroute) - Coasts of Korea and China","https://msi.geo.nga.mil/api/publications/download?key=16694491/SFH00000/Pub157bk.pdf&type=view","94060.0","","","coa23c, gen23b","5.0","0.0","4.9","11.0","4.9","15.5","0.0","294.0","43.0","15.1","0.0","0.0","0.0","Small","Coastal (Natural)","Unknown","Fair","Unknown","Yes","Unknown","Yes","Unknown","Unknown","Yes","Unknown","Unknown","Unknown","Yes","Unknown","Yes","Unknown","Unknown","Yes","Unknown","Yes","Yes","Unknown","Unknown","Unknown","Yes","Unknown","Unknown","Yes","Unknown","Yes","Unknown","Unknown","XI","Unknown","Yes","Unknown","Unknown","Unknown","Unknown","Unknown","Unknown","Unknown","Unknown","Unknown","Unknown","Unknown","Unknown","Yes","Yes","Unknown","Unknown","Yes","Unknown","Yes","Yes","Unknown","Unknown","Yes","Yes","Yes","Yes","Unknown","Unknown","Unknown","Unknown","Unknown","Unknown","Yes","Yes","Yes","Yes","Unknown","Unknown","Unknown","None","Unknown","Unknown","24.883333000000000","118.599999999999994"
"3738.0","57821.0","China -- 57815","Zhuhai","","CN ZUH","China","South China Sea; North Pacific Ocean","","Sailing Directions Pub. 161 (Enroute) - South China Sea and Gulf of Thailand","https://msi.geo.nga.mil/api/publications/download?key=16694491/SFH00000/Pub161bk.pdf&type=view","93721.0","","","a2357840, coa23c, gen23b","1.0","0.0","7.9","3.4","4.9","6.4","0.0","345.0","60.0","16.2","0.0","0.0","0.0","Very Small","Coastal (Breakwater)","Unknown","Good","Yes","Yes","Unknown","Yes","Unknown","Unknown","Unknown","Unknown","Unknown","Yes","Yes","Unknown","Yes","Unknown","Unknown","Unknown","Unknown","Unknown","Unknown","Unknown","Unknown","Unknown","Yes","Unknown","Unknown","Yes","Unknown","Unknown","Unknown","Unknown","XI","Unknown","Unknown","Unknown","Unknown","Unknown","Unknown","Unknown","Unknown","Unknown","Unknown","Unknown","Unknown","Unknown","Unknown","Yes","Unknown","Unknown","Unknown","Unknown","Yes","Yes","Yes","Unknown","Unknown","Yes","Yes","Yes","Yes","Unknown","Unknown","Unknown","Unknown","Unknown","Unknown","Yes","Yes","Yes","Unknown","Unknown","Unknown","Unknown","Limited","Unknown","Unknown","22.233332999999998","113.583332999999996"
"3739.0","57819.0","China -- 57815","Shui Dong","","CN SDG","China","South China Sea; North Pacific Ocean","","Sailing Directions Pub. 161 (Enroute) - South China Sea and Gulf of Thailand","https://msi.geo.nga.mil/api/publications/download?key=16694491/SFH00000/Pub161bk.pdf&type=view","93720.0","","","coa23b, gen23b","2.0","0.0","9.4","9.4","4.9","6.4","0.0","200.0","32.2","11.5","0.0","0.0","0.0","Very Small","Coastal (Breakwater)","Unknown","Fair","Unknown","Unknown","Unknown","Yes","No","Unknown","Yes","Yes","Unknown","Yes","Yes","Unknown","Yes","Unknown","Unknown","Unknown","Unknown","Yes","Yes","Unknown","Unknown","Unknown","Yes","Unknown","Unknown","Yes","Unknown","Unknown","Unknown","Unknown","XI","Unknown","Yes","Unknown","Unknown","Unknown","Unknown","Unknown","Unknown","Unknown","Unknown","Unknown","Unknown","Unknown","Unknown","Unknown","No","Unknown","Unknown","No","Yes","Yes","Unknown","Unknown","Unknown","Yes","Unknown","Unknown","Yes","Unknown","Unknown","Unknown","Unknown","Unknown","Unknown","Yes","Yes","Yes","Unknown","Unknown","Unknown","Unknown","Limited","Unknown","Unknown","21.483332999999998","111.083332999999996"
"3741.0","57777.0","China -- 57740","Shekou","Chiwan","CN SHK","China","South China Sea; North Pacific Ocean","","Sailing Directions Pub. 161 (Enroute) - South China Sea and Gulf of Thailand","https://msi.geo.nga.mil/api/publications/download?key=16694491/SFH00000/Pub161bk.pdf&type=view","93721.0","","","a2357840, coa23c, gen23b, h2357840","1.0","0.0","12.5","12.5","15.5","11.0","0.0","400.0","59.0","16.5","0.0","0.0","0.0","Medium","Coastal (Natural)","Unknown","Good","Yes","No","No","Yes","Unknown","Unknown","Yes","Yes","Unknown","Yes","Yes","Unknown","Yes","Unknown","Unknown","Yes","No","Yes","Yes","Unknown","Unknown","Yes","Yes","Yes","Yes","Yes","Unknown","Yes","Yes","Unknown","XI","Yes","Unknown","Unknown","Unknown","Unknown","Unknown","Unknown","Unknown","Unknown","Unknown","Unknown","Unknown","Unknown","Unknown","Yes","Yes","Unknown","Unknown","Unknown","Yes","Yes","Yes","Unknown","Unknown","Unknown","Yes","Yes","Yes","Yes","Yes","Yes","Yes","Unknown","Unknown","Yes","Yes","Yes","Yes","Unknown","Yes","Unknown","Limited","Unknown","Small","22.466667000000001","113.866667000000007"
"3742.0","57820.0","China -- 57815","Qinzhou","","CN QZH","China","Gulf of Tonkin; South China Sea; North Pacific Ocean","","Sailing Directions Pub. 161 (Enroute) - South China Sea and Gulf of Thailand","https://msi.geo.nga.mil/api/publications/download?key=16694491/SFH00000/Pub161bk.pdf&type=view","93650.0","","","a2357750, coa23b, gen23b, h2357745","5.0","0.0","12.5","11.0","9.4","6.4","0.0","366.0","60.0","12.2","0.0","0.0","0.0","Very Small","Coastal (Natural)","Unknown","Fair","Unknown","Unknown","Unknown","No","No","Unknown","Unknown","Unknown","Unknown","Yes","Yes","Unknown","Yes","Unknown","Unknown","Yes","Unknown","Unknown","Unknown","Unknown","Unknown","Unknown","Yes","Yes","Yes","Yes","Unknown","Unknown","Yes","Unknown","XI","Unknown","Unknown","Unknown","Unknown","Unknown","Unknown","Unknown","Unknown","Unknown","Unknown","Unknown","Unknown","Unknown","Unknown","Unknown","Unknown","Unknown","Unknown","Unknown","Unknown","Unknown","Unknown","Unknown","Unknown","Unknown","Unknown","Yes","Unknown","Unknown","Unknown","Unknown","Unknown","Unknown","Unknown","Unknown","Yes","Unknown","Yes","Unknown","Unknown","Unknown","Unknown","Small","Unknown","21.733332999999998","108.583332999999996"
"3743.0","57770.0","China -- 57740","Zhanjiang","Fort Bayard; Hsi Ying; Tsamkong","CN ZNG","China","South China Sea; North Pacific Ocean","","Sailing Directions Pub. 161 (Enroute) - South China Sea and Gulf of Thailand","https://msi.geo.nga.mil/api/publications/download?key=16694491/SFH00000/Pub161bk.pdf&type=view","93778.0","","","coa23b, gen23b, h2357770","2.0","0.0","11.0","14.0","12.5","4.9","0.0","362.0","65.0","15.5","0.0","0.0","0.0","Small","River (Natural)","Unknown","Good","No","No","No","Yes","Yes","Unknown","Yes","Unknown","Unknown","Yes","Yes","Unknown","Yes","Unknown","Unknown","Yes","Unknown","Yes","Yes","Unknown","Yes","Yes","Yes","Unknown","Unknown","Yes","Unknown","Yes","Yes","Unknown","XI","Yes","Unknown","Unknown","Unknown","Unknown","Unknown","Unknown","Unknown","Unknown","Unknown","Unknown","Unknown","Unknown","Unknown","Yes","Unknown","Unknown","Unknown","Unknown","Unknown","Yes","Yes","Unknown","Unknown","Yes","Unknown","Yes","Yes","Yes","Yes","Unknown","Yes","Unknown","Unknown","Yes","Yes","Yes","Yes","Unknown","Unknown","Unknown","Limited","Unknown","Small","21.199999999999999","110.400000000000006"
"3749.0","57870.0","China -- 57855","Xiamen","Amoy","CN XMG","China","Taiwan Strait; North Pacific Ocean","","Sailing Directions Pub. 157 (Enroute) - Coasts of Korea and China","https://msi.geo.nga.mil/api/publications/download?key=16694491/SFH00000/Pub157bk.pdf&type=view","94061.0","","","a2357870, coa23c, gen23b, h2357870","6.9","0.0","9.5","20.0","6.4","23.2","0.0","400.0","61.5","17.5","0.0","0.0","0.0","Medium","River (Natural)","Unknown","Good","Yes","Yes","No","Yes","Yes","Unknown","Yes","Yes","Unknown","Yes","Yes","Unknown","Yes","Unknown","Unknown","Yes","Unknown","Yes","Unknown","Unknown","Yes","Unknown","Yes","Unknown","Unknown","Yes","Unknown","Yes","Yes","Unknown","XI","Unknown","Yes","Unknown","Unknown","Unknown","Unknown","Unknown","Unknown","Unknown","Unknown","Unknown","Unknown","Unknown","Unknown","Yes","Unknown","Unknown","Unknown","Unknown","Unknown","Yes","Yes","Unknown","Unknown","Yes","Yes","Yes","Yes","Yes","Unknown","Unknown","Unknown","Unknown","Unknown","Yes","Yes","Yes","Unknown","Unknown","Yes","Yes","Limited","Medium","Medium","24.449999999999999","118.066666999999995"
"3754.0","59995.0","China Continued -- 59850","Zhenjiang","Chinkiang","CN ZHE","China","East China Sea; North Pacific Ocean","","Sailing Directions Pub. 157 (Enroute) - Coasts of Korea and China","https://msi.geo.nga.mil/api/publications/download?key=16694491/SFH00000/Pub157bk.pdf&type=view","","","","gen23a","2.0","0.0","9.4","7.9","11.0","7.9","0.0","0.0","0.0","0.0","0.0","0.0","0.0","Small","River (Natural)","Unknown","Fair","Yes","Unknown","No","Unknown","Yes","Unknown","Yes","Yes","Unknown","Yes","Yes","Unknown","Yes","Unknown","Unknown","Unknown","Unknown","Yes","Yes","Unknown","Unknown","Unknown","Yes","Unknown","Unknown","Yes","Unknown","Unknown","Unknown","Unknown","XI","Unknown","Yes","Unknown","Unknown","Yes","Unknown","Unknown","Unknown","Unknown","Unknown","Unknown","Unknown","Unknown","Unknown","Yes","Yes","Unknown","Unknown","Unknown","Unknown","Yes","Yes","Unknown","Yes","Yes","Yes","Unknown","Yes","Unknown","Unknown","Unknown","Unknown","Unknown","Unknown","Yes","Yes","Yes","Unknown","Unknown","Unknown","Unknown","Limited","Unknown","Medium","32.216667000000001","119.433333000000005"
"3776.0","57864.0","China -- 57855","Dongshan","","CN DSN","China","South China Sea; North Pacific Ocean","","Sailing Directions Pub. 157 (Enroute) - Coasts of Korea and China","https://msi.geo.nga.mil/api/publications/download?key=16694491/SFH00000/Pub157bk.pdf&type=view","94040, 94060","","","a2357860, a2357870, coa23c, gen23b","2.3","0.0","7.2","8.0","0.0","5.2","5.2","334.0","60.0","22.5","0.0","0.0","0.0","Small","Coastal (Natural)","Unknown","Fair","Yes","Yes","Unknown","Unknown","Unknown","Unknown","Yes","Unknown","Unknown","Yes","Yes","Yes","Yes","Unknown","Unknown","Unknown","Unknown","Yes","Yes","Unknown","Unknown","Unknown","Yes","Unknown","Unknown","Yes","Yes","Unknown","Unknown","Unknown","XI","Unknown","Yes","Unknown","Unknown","Unknown","Unknown","Unknown","Unknown","Unknown","Unknown","Unknown","Unknown","Unknown","Unknown","Unknown","Unknown","Unknown","Unknown","Unknown","Yes","Yes","Unknown","Unknown","Unknown","Unknown","Yes","Yes","Unknown","Unknown","Unknown","Unknown","Unknown","Unknown","Unknown","Yes","Yes","Unknown","Yes","Unknown","Unknown","Unknown","Limited","Unknown","Unknown","23.756666667000001","117.504999999999995"
