observation_id,product,region,observation_date,valid_period,reported_value,reported_unit,converted_usd_per_kg,source_name,source_url,evidence_grade,notes
methanex_china_cpcp_2026_05,methanol,China,2026-04-29,2026-05-01 to 2026-05-31,610,USD/metric_tonne,0.61,Methanex China Posted Contract Price,https://www.methanex.com/our-products/about-methanol/pricing/,B,"Open posted contract price; use as methanol commodity case, not green premium."
methanex_asia_apcp_2026_05,methanol,Asia Pacific,2026-04-29,2026-05-01 to 2026-05-31,740,USD/metric_tonne,0.74,Methanex Asian Posted Contract Price,https://www.methanex.com/our-products/about-methanol/pricing/,B,Regional comparator for sensitivity.
eia_usgc_jet_2026_04_17,fossil_jet_fuel_benchmark,U.S. Gulf Coast,2026-04-17,weekly ending 2026-04-17,3.709,USD/gallon,1.218674,EIA weekly U.S. Gulf Coast kerosene-type jet fuel spot price FOB,https://www.eia.gov/dnav/pet/hist/LeafHandler.ashx?f=w&n=pet&s=eer_epjk_pf4_rgc_dpg,B,"Converted with 0.804 kg/L jet-fuel density; fossil parity, not SAF premium."
wits_china_ethylene_import_unit_value_2024,ethylene,China,2024,2024 annual,0.890937,USD/kg import unit value,0.890937,World Bank WITS / UN Comtrade,https://wits.worldbank.org/trade/comtrade/en/country/CHN/year/2024/tradeflow/Imports/partner/ALL/product/290121,B_proxy,"Import unit value, not domestic spot price."
wits_china_formic_acid_export_unit_value_2024,formic_acid_equivalent,China,2024,2024 annual,0.48583,USD/kg export unit value,0.48583,World Bank WITS / UN Comtrade,https://wits.worldbank.org/trade/comtrade/en/country/ALL/year/2024/tradeflow/Exports/partner/WLD/product/291511,B_proxy,"Export unit value, not domestic specialty/offtake price."
wits_china_calcium_carbonate_export_unit_value_2024,carbonate_product,China,2024,2024 annual,0.271293,USD/kg export unit value,0.271293,World Bank WITS / UN Comtrade,https://wits.worldbank.org/trade/comtrade/en/country/ALL/year/2024/tradeflow/Exports/partner/WLD/product/283650,B_proxy,"Chemical calcium-carbonate trade, not construction aggregate market."
wits_china_lng_import_unit_value_2024,methane,China,2024,2024 annual,0.575369,USD/kg LNG import unit value,0.575369,World Bank WITS / UN Comtrade,https://wits.worldbank.org/trade/comtrade/en/country/CHN/year/2024/tradeflow/Imports/partner/ALL/product/271111,B_proxy,"LNG import unit value, not city-gate gas price or e-methane premium."
co_methanol_equivalent_backcast_2026_05,carbon_monoxide,China,2026-04-29,proxy from May 2026 methanol price,0.697765,USD/kg CO-equivalent,0.697765,Methanol-value backcast from Methanex China price,https://www.methanex.com/our-products/about-methanol/pricing/,C_substitute,No open China bulk CO price found. Proxy assumes one kg CO can support 32.04/28.01 kg methanol before conversion/upgrading costs.
china_saf_news_price_2026_02,sustainable_aviation_fuel,China export/HEFA market,2026-02-02,news snapshot,2642,USD/metric_tonne,2.642,Caixin Global news proxy,https://www.caixinglobal.com/2026-02-02/cover-story-how-gutter-oil-became-a-prized-fuel-for-international-airlines-102410360.html,C_news_proxy,"HEFA/UCO-linked market news, not CO2-derived PtL SAF price. Use only as a capped optimistic market comparator."
