product,grade,target_market,required_purity,water_limit_ppm,sulfur_limit_ppm,blend_limit_fraction,upgrading_cost_usd_per_kg,upgrading_energy_kwh_per_kg,marketable_fraction,certification_required,notes
none,none,all,0,0,0,1,0,0,1,false,No product specification.
carbonate_product,aggregate,all,0.8,10000,1000,1,0.004,0.01,0.92,true,Includes screening allowance for aggregate grading/leaching tests.
carbon_monoxide,chemical_grade,all,0.98,50,1,1,0.035,0.08,0.96,true,CO product purification and safety compliance.
methanol,chemical_grade,all,0.995,1000,1,1,0.025,0.05,0.98,true,Methanol polishing and grade assurance.
formic_acid_equivalent,industrial_grade,all,0.85,5000,5,1,0.08,0.55,0.90,true,Concentration/recovery penalty for formate/formic acid equivalent.
ethylene,polymer_grade,all,0.995,10,1,1,0.08,0.35,0.94,true,Polymer-grade olefin separation penalty.
methane,grid_grade,all,0.96,50,5,1,0.03,0.05,0.98,true,Gas-grid cleanup and compression specification.
sustainable_aviation_fuel,astm_blending_component,domestic,0.99,15,1,0.5,0.18,0.25,0.90,true,ASTM-like fuel upgrading and blending component qualification proxy.
sustainable_aviation_fuel,astm_blending_component,eu_saf,0.99,15,1,0.5,0.22,0.32,0.88,true,Export SAF requires stricter certification and logistics allowance.
