ceads_city_id,city_name_zh,city_name_clean_zh,year,emissions_mtco2,join_status,source
北京2019,北京,北京,2019,88.15542678925796,legacy_join_target_crosswalked_separately,CEADs 1997-2019 290-city emission inventory
天津2019,天津,天津,2019,158.46653470137085,legacy_join_target_crosswalked_separately,CEADs 1997-2019 290-city emission inventory
河北唐山2019,河北唐山,河北唐山,2019,413.88480065895897,legacy_join_target_crosswalked_separately,CEADs 1997-2019 290-city emission inventory
河北邯郸2019,河北邯郸,河北邯郸,2019,150.6199858639897,legacy_join_target_crosswalked_separately,CEADs 1997-2019 290-city emission inventory
山西太原2019,山西太原,山西太原,2019,79.44684588684639,legacy_join_target_crosswalked_separately,CEADs 1997-2019 290-city emission inventory
山西晋中2019,山西晋中,山西晋中,2019,74.64369478307056,legacy_join_target_crosswalked_separately,CEADs 1997-2019 290-city emission inventory
山西运城2019,山西运城,山西运城,2019,88.72616446849455,legacy_join_target_crosswalked_separately,CEADs 1997-2019 290-city emission inventory
山西长治2019,山西长治,山西长治,2019,71.24944598564828,legacy_join_target_crosswalked_separately,CEADs 1997-2019 290-city emission inventory
山西阳泉2019,山西阳泉,山西阳泉,2019,19.7101129627047,legacy_join_target_crosswalked_separately,CEADs 1997-2019 290-city emission inventory
内蒙古乌兰察布2019,内蒙古乌兰察布,内蒙古乌兰察布,2019,53.17394739640763,legacy_join_target_crosswalked_separately,CEADs 1997-2019 290-city emission inventory
内蒙古兴安盟2019,内蒙古兴安盟,内蒙古兴安,2019,19.420486025197405,legacy_join_target_crosswalked_separately,CEADs 1997-2019 290-city emission inventory
内蒙古包头2019,内蒙古包头,内蒙古包头,2019,133.8129325840672,legacy_join_target_crosswalked_separately,CEADs 1997-2019 290-city emission inventory
内蒙古呼伦贝尔2019,内蒙古呼伦贝尔,内蒙古呼伦贝尔,2019,64.73283409456447,legacy_join_target_crosswalked_separately,CEADs 1997-2019 290-city emission inventory
内蒙古呼和浩特2019,内蒙古呼和浩特,内蒙古呼和浩特,2019,74.19225088046787,legacy_join_target_crosswalked_separately,CEADs 1997-2019 290-city emission inventory
内蒙古赤峰2019,内蒙古赤峰,内蒙古赤峰,2019,59.41342564384258,legacy_join_target_crosswalked_separately,CEADs 1997-2019 290-city emission inventory
内蒙古通辽2019,内蒙古通辽,内蒙古通辽,2019,81.14689861932959,legacy_join_target_crosswalked_separately,CEADs 1997-2019 290-city emission inventory
内蒙古鄂尔多斯2019,内蒙古鄂尔多斯,内蒙古鄂尔多斯,2019,313.41987954512325,legacy_join_target_crosswalked_separately,CEADs 1997-2019 290-city emission inventory
内蒙古锡林郭勒2019,内蒙古锡林郭勒,内蒙古锡林郭勒,2019,72.94934147515603,legacy_join_target_crosswalked_separately,CEADs 1997-2019 290-city emission inventory
辽宁大连2019,辽宁大连,辽宁大连,2019,74.78458485163335,legacy_join_target_crosswalked_separately,CEADs 1997-2019 290-city emission inventory
辽宁沈阳2019,辽宁沈阳,辽宁沈阳,2019,64.93755654951822,legacy_join_target_crosswalked_separately,CEADs 1997-2019 290-city emission inventory
吉林四平2019,吉林四平,吉林四平,2019,24.661039223846295,legacy_join_target_crosswalked_separately,CEADs 1997-2019 290-city emission inventory
吉林长春2019,吉林长春,吉林长春,2019,57.24572309081988,legacy_join_target_crosswalked_separately,CEADs 1997-2019 290-city emission inventory
黑龙江伊春2019,黑龙江伊春,黑龙江伊春,2019,19.260310555350408,legacy_join_target_crosswalked_separately,CEADs 1997-2019 290-city emission inventory
黑龙江哈尔滨2019,黑龙江哈尔滨,黑龙江哈尔滨,2019,68.56985353475912,legacy_join_target_crosswalked_separately,CEADs 1997-2019 290-city emission inventory
黑龙江牡丹江2019,黑龙江牡丹江,黑龙江牡丹江,2019,14.40124966023708,legacy_join_target_crosswalked_separately,CEADs 1997-2019 290-city emission inventory
黑龙江鸡西2019,黑龙江鸡西,黑龙江鸡西,2019,14.797189351760453,legacy_join_target_crosswalked_separately,CEADs 1997-2019 290-city emission inventory
黑龙江齐齐哈尔2019,黑龙江齐齐哈尔,黑龙江齐齐哈尔,2019,30.364377333219196,legacy_join_target_crosswalked_separately,CEADs 1997-2019 290-city emission inventory
上海2019,上海,上海,2019,192.9122403245068,legacy_join_target_crosswalked_separately,CEADs 1997-2019 290-city emission inventory
江苏南京2019,江苏南京,江苏南京,2019,170.39118933568363,legacy_join_target_crosswalked_separately,CEADs 1997-2019 290-city emission inventory
江苏南通2019,江苏南通,江苏南通,2019,41.33676147031485,legacy_join_target_crosswalked_separately,CEADs 1997-2019 290-city emission inventory
江苏宿迁2019,江苏宿迁,江苏宿迁,2019,11.63078492257602,legacy_join_target_crosswalked_separately,CEADs 1997-2019 290-city emission inventory
江苏常州2019,江苏常州,江苏常州,2019,61.538747406601914,legacy_join_target_crosswalked_separately,CEADs 1997-2019 290-city emission inventory
江苏扬州2019,江苏扬州,江苏扬州,2019,35.48044194095253,legacy_join_target_crosswalked_separately,CEADs 1997-2019 290-city emission inventory
江苏无锡2019,江苏无锡,江苏无锡,2019,91.22845982060775,legacy_join_target_crosswalked_separately,CEADs 1997-2019 290-city emission inventory
江苏泰州2019,江苏泰州,江苏泰州,2019,40.11705845270229,legacy_join_target_crosswalked_separately,CEADs 1997-2019 290-city emission inventory
江苏盐城2019,江苏盐城,江苏盐城,2019,44.99494239701352,legacy_join_target_crosswalked_separately,CEADs 1997-2019 290-city emission inventory
江苏苏州2019,江苏苏州,江苏苏州,2019,231.1935764368901,legacy_join_target_crosswalked_separately,CEADs 1997-2019 290-city emission inventory
江苏连云港2019,江苏连云港,江苏连云港,2019,30.404642130384445,legacy_join_target_crosswalked_separately,CEADs 1997-2019 290-city emission inventory
江苏镇江2019,江苏镇江,江苏镇江,2019,53.285643614072924,legacy_join_target_crosswalked_separately,CEADs 1997-2019 290-city emission inventory
浙江丽水2019,浙江丽水,浙江丽水,2019,7.458870227727498,legacy_join_target_crosswalked_separately,CEADs 1997-2019 290-city emission inventory
浙江台州2019,浙江台州,浙江台州,2019,38.31536295334525,legacy_join_target_crosswalked_separately,CEADs 1997-2019 290-city emission inventory
浙江嘉兴2019,浙江嘉兴,浙江嘉兴,2019,53.09229263119113,legacy_join_target_crosswalked_separately,CEADs 1997-2019 290-city emission inventory
浙江宁波2019,浙江宁波,浙江宁波,2019,127.63133397164377,legacy_join_target_crosswalked_separately,CEADs 1997-2019 290-city emission inventory
浙江杭州2019,浙江杭州,浙江杭州,2019,44.62295239908468,legacy_join_target_crosswalked_separately,CEADs 1997-2019 290-city emission inventory
浙江温州2019,浙江温州,浙江温州,2019,31.301584116691775,legacy_join_target_crosswalked_separately,CEADs 1997-2019 290-city emission inventory
浙江湖州2019,浙江湖州,浙江湖州,2019,20.944634448670683,legacy_join_target_crosswalked_separately,CEADs 1997-2019 290-city emission inventory
浙江绍兴2019,浙江绍兴,浙江绍兴,2019,38.47189123028877,legacy_join_target_crosswalked_separately,CEADs 1997-2019 290-city emission inventory
浙江舟山2019,浙江舟山,浙江舟山,2019,28.455712189409976,legacy_join_target_crosswalked_separately,CEADs 1997-2019 290-city emission inventory
浙江衢州2019,浙江衢州,浙江衢州,2019,27.995763117891915,legacy_join_target_crosswalked_separately,CEADs 1997-2019 290-city emission inventory
安徽亳州2019,安徽亳州,安徽亳州,2019,12.433865494714487,legacy_join_target_crosswalked_separately,CEADs 1997-2019 290-city emission inventory
安徽六安2019,安徽六安,安徽六安,2019,11.144814558890719,legacy_join_target_crosswalked_separately,CEADs 1997-2019 290-city emission inventory
安徽合肥2019,安徽合肥,安徽合肥,2019,39.79164915550306,legacy_join_target_crosswalked_separately,CEADs 1997-2019 290-city emission inventory
安徽安庆2019,安徽安庆,安徽安庆,2019,30.42722139398105,legacy_join_target_crosswalked_separately,CEADs 1997-2019 290-city emission inventory
安徽宣城2019,安徽宣城,安徽宣城,2019,18.588764329495294,legacy_join_target_crosswalked_separately,CEADs 1997-2019 290-city emission inventory
安徽宿州2019,安徽宿州,安徽宿州,2019,24.518159008655406,legacy_join_target_crosswalked_separately,CEADs 1997-2019 290-city emission inventory
安徽池州2019,安徽池州,安徽池州,2019,15.170234740494973,legacy_join_target_crosswalked_separately,CEADs 1997-2019 290-city emission inventory
安徽淮北2019,安徽淮北,安徽淮北,2019,60.64498187690329,legacy_join_target_crosswalked_separately,CEADs 1997-2019 290-city emission inventory
安徽滁州2019,安徽滁州,安徽滁州,2019,14.110510936525484,legacy_join_target_crosswalked_separately,CEADs 1997-2019 290-city emission inventory
安徽芜湖2019,安徽芜湖,安徽芜湖,2019,37.27410956980402,legacy_join_target_crosswalked_separately,CEADs 1997-2019 290-city emission inventory
安徽蚌埠2019,安徽蚌埠,安徽蚌埠,2019,17.450045603774146,legacy_join_target_crosswalked_separately,CEADs 1997-2019 290-city emission inventory
安徽铜陵2019,安徽铜陵,安徽铜陵,2019,15.470414351336178,legacy_join_target_crosswalked_separately,CEADs 1997-2019 290-city emission inventory
安徽阜阳2019,安徽阜阳,安徽阜阳,2019,23.066315008435147,legacy_join_target_crosswalked_separately,CEADs 1997-2019 290-city emission inventory
安徽马鞍山2019,安徽马鞍山,安徽马鞍山,2019,95.50406846180266,legacy_join_target_crosswalked_separately,CEADs 1997-2019 290-city emission inventory
安徽黄山2019,安徽黄山,安徽黄山,2019,1.804391316821562,legacy_join_target_crosswalked_separately,CEADs 1997-2019 290-city emission inventory
福建三明2019,福建三明,福建三明,2019,35.62861251771065,legacy_join_target_crosswalked_separately,CEADs 1997-2019 290-city emission inventory
福建南平2019,福建南平,福建南平,2019,6.510956756826552,legacy_join_target_crosswalked_separately,CEADs 1997-2019 290-city emission inventory
福建厦门2019,福建厦门,福建厦门,2019,15.243293199806779,legacy_join_target_crosswalked_separately,CEADs 1997-2019 290-city emission inventory
福建宁德2019,福建宁德,福建宁德,2019,20.714310620569705,legacy_join_target_crosswalked_separately,CEADs 1997-2019 290-city emission inventory
福建泉州2019,福建泉州,福建泉州,2019,69.90637884064772,legacy_join_target_crosswalked_separately,CEADs 1997-2019 290-city emission inventory
福建漳州2019,福建漳州,福建漳州,2019,41.297783193990355,legacy_join_target_crosswalked_separately,CEADs 1997-2019 290-city emission inventory
福建福州2019,福建福州,福建福州,2019,60.115611465417786,legacy_join_target_crosswalked_separately,CEADs 1997-2019 290-city emission inventory
福建莆田2019,福建莆田,福建莆田,2019,16.425319557076556,legacy_join_target_crosswalked_separately,CEADs 1997-2019 290-city emission inventory
福建龙岩2019,福建龙岩,福建龙岩,2019,29.101194479667637,legacy_join_target_crosswalked_separately,CEADs 1997-2019 290-city emission inventory
江西上饶2019,江西上饶,江西上饶,2019,20.267110687888014,legacy_join_target_crosswalked_separately,CEADs 1997-2019 290-city emission inventory
江西九江2019,江西九江,江西九江,2019,52.601572392133676,legacy_join_target_crosswalked_separately,CEADs 1997-2019 290-city emission inventory
江西南昌2019,江西南昌,江西南昌,2019,24.556265599837204,legacy_join_target_crosswalked_separately,CEADs 1997-2019 290-city emission inventory
江西萍乡2019,江西萍乡,江西萍乡,2019,25.684960402306494,legacy_join_target_crosswalked_separately,CEADs 1997-2019 290-city emission inventory
江西赣州2019,江西赣州,江西赣州,2019,19.946508332223562,legacy_join_target_crosswalked_separately,CEADs 1997-2019 290-city emission inventory
山东东营2019,山东东营,山东东营,2019,55.695423114364736,legacy_join_target_crosswalked_separately,CEADs 1997-2019 290-city emission inventory
山东临沂2019,山东临沂,山东临沂,2019,48.6325782126508,legacy_join_target_crosswalked_separately,CEADs 1997-2019 290-city emission inventory
山东威海2019,山东威海,山东威海,2019,16.79383939467794,legacy_join_target_crosswalked_separately,CEADs 1997-2019 290-city emission inventory
山东德州2019,山东德州,山东德州,2019,55.71703743491861,legacy_join_target_crosswalked_separately,CEADs 1997-2019 290-city emission inventory
山东济南2019,山东济南,山东济南,2019,103.71513317299876,legacy_join_target_crosswalked_separately,CEADs 1997-2019 290-city emission inventory
山东济宁2019,山东济宁,山东济宁,2019,77.50996099584526,legacy_join_target_crosswalked_separately,CEADs 1997-2019 290-city emission inventory
山东淄博2019,山东淄博,山东淄博,2019,83.0473029899514,legacy_join_target_crosswalked_separately,CEADs 1997-2019 290-city emission inventory
山东滨州2019,山东滨州,山东滨州,2019,138.4886450068447,legacy_join_target_crosswalked_separately,CEADs 1997-2019 290-city emission inventory
山东烟台2019,山东烟台,山东烟台,2019,57.81035735848502,legacy_join_target_crosswalked_separately,CEADs 1997-2019 290-city emission inventory
山东聊城2019,山东聊城,山东聊城,2019,69.3268193350881,legacy_join_target_crosswalked_separately,CEADs 1997-2019 290-city emission inventory
山东青岛2019,山东青岛,山东青岛,2019,49.41027056321525,legacy_join_target_crosswalked_separately,CEADs 1997-2019 290-city emission inventory
河南三门峡2019,河南三门峡,河南三门峡,2019,25.947426241581567,legacy_join_target_crosswalked_separately,CEADs 1997-2019 290-city emission inventory
河南信阳2019,河南信阳,河南信阳,2019,24.598058962659746,legacy_join_target_crosswalked_separately,CEADs 1997-2019 290-city emission inventory
河南南阳2019,河南南阳,河南南阳,2019,24.16535152145527,legacy_join_target_crosswalked_separately,CEADs 1997-2019 290-city emission inventory
河南周口2019,河南周口,河南周口,2019,10.556476126006498,legacy_join_target_crosswalked_separately,CEADs 1997-2019 290-city emission inventory
河南安阳2019,河南安阳,河南安阳,2019,92.92917775812907,legacy_join_target_crosswalked_separately,CEADs 1997-2019 290-city emission inventory
河南平顶山2019,河南平顶山,河南平顶山,2019,44.184067258313554,legacy_join_target_crosswalked_separately,CEADs 1997-2019 290-city emission inventory
河南开封2019,河南开封,河南开封,2019,11.311332331208638,legacy_join_target_crosswalked_separately,CEADs 1997-2019 290-city emission inventory
河南新乡2019,河南新乡,河南新乡,2019,33.77444576981824,legacy_join_target_crosswalked_separately,CEADs 1997-2019 290-city emission inventory
河南洛阳2019,河南洛阳,河南洛阳,2019,47.31783257430587,legacy_join_target_crosswalked_separately,CEADs 1997-2019 290-city emission inventory
河南济源2019,河南济源,河南济源,2019,34.29400287430356,legacy_join_target_crosswalked_separately,CEADs 1997-2019 290-city emission inventory
河南濮阳2019,河南濮阳,河南濮阳,2019,11.888181823819885,legacy_join_target_crosswalked_separately,CEADs 1997-2019 290-city emission inventory
河南许昌2019,河南许昌,河南许昌,2019,26.905195816923467,legacy_join_target_crosswalked_separately,CEADs 1997-2019 290-city emission inventory
河南郑州2019,河南郑州,河南郑州,2019,59.93914803978148,legacy_join_target_crosswalked_separately,CEADs 1997-2019 290-city emission inventory
湖北仙桃2019,湖北仙桃,湖北仙桃,2019,1.6579766149658342,legacy_join_target_crosswalked_separately,CEADs 1997-2019 290-city emission inventory
湖北十堰2019,湖北十堰,湖北十堰,2019,9.146539201017664,legacy_join_target_crosswalked_separately,CEADs 1997-2019 290-city emission inventory
湖北咸宁2019,湖北咸宁,湖北咸宁,2019,25.776791674907685,legacy_join_target_crosswalked_separately,CEADs 1997-2019 290-city emission inventory
湖北孝感2019,湖北孝感,湖北孝感,2019,42.398022415721165,legacy_join_target_crosswalked_separately,CEADs 1997-2019 290-city emission inventory
湖北宜昌2019,湖北宜昌,湖北宜昌,2019,36.814130133029714,legacy_join_target_crosswalked_separately,CEADs 1997-2019 290-city emission inventory
湖北武汉2019,湖北武汉,湖北武汉,2019,127.62235484403719,legacy_join_target_crosswalked_separately,CEADs 1997-2019 290-city emission inventory
湖北潜江2019,湖北潜江,湖北潜江,2019,12.11352017919113,legacy_join_target_crosswalked_separately,CEADs 1997-2019 290-city emission inventory
湖北荆州2019,湖北荆州,湖北荆州,2019,18.76521577816298,legacy_join_target_crosswalked_separately,CEADs 1997-2019 290-city emission inventory
湖北荆门2019,湖北荆门,湖北荆门,2019,36.892558180850685,legacy_join_target_crosswalked_separately,CEADs 1997-2019 290-city emission inventory
湖北襄阳2019,湖北襄阳,湖北襄阳,2019,26.664052897252425,legacy_join_target_crosswalked_separately,CEADs 1997-2019 290-city emission inventory
湖北鄂州2019,湖北鄂州,湖北鄂州,2019,30.91486620373912,legacy_join_target_crosswalked_separately,CEADs 1997-2019 290-city emission inventory
湖北随州2019,湖北随州,湖北随州,2019,4.784705990751635,legacy_join_target_crosswalked_separately,CEADs 1997-2019 290-city emission inventory
湖北黄石2019,湖北黄石,湖北黄石,2019,34.70180122774383,legacy_join_target_crosswalked_separately,CEADs 1997-2019 290-city emission inventory
湖南常德2019,湖南常德,湖南常德,2019,25.462475575661355,legacy_join_target_crosswalked_separately,CEADs 1997-2019 290-city emission inventory
湖南怀化2019,湖南怀化,湖南怀化,2019,8.837474159985977,legacy_join_target_crosswalked_separately,CEADs 1997-2019 290-city emission inventory
湖南郴州2019,湖南郴州,湖南郴州,2019,21.766563052440198,legacy_join_target_crosswalked_separately,CEADs 1997-2019 290-city emission inventory
湖南长沙2019,湖南长沙,湖南长沙,2019,32.4538372096605,legacy_join_target_crosswalked_separately,CEADs 1997-2019 290-city emission inventory
广东东莞2019,广东东莞,广东东莞,2019,63.09841336765051,legacy_join_target_crosswalked_separately,CEADs 1997-2019 290-city emission inventory
广东中山2019,广东中山,广东中山,2019,9.506352958056459,legacy_join_target_crosswalked_separately,CEADs 1997-2019 290-city emission inventory
广东云浮2019,广东云浮,广东云浮,2019,15.763184318249264,legacy_join_target_crosswalked_separately,CEADs 1997-2019 290-city emission inventory
广东佛山2019,广东佛山,广东佛山,2019,43.89832193620663,legacy_join_target_crosswalked_separately,CEADs 1997-2019 290-city emission inventory
广东广州2019,广东广州,广东广州,2019,112.47938838536099,legacy_join_target_crosswalked_separately,CEADs 1997-2019 290-city emission inventory
广东揭阳2019,广东揭阳,广东揭阳,2019,19.339366951414036,legacy_join_target_crosswalked_separately,CEADs 1997-2019 290-city emission inventory
广东江门2019,广东江门,广东江门,2019,23.09876410839882,legacy_join_target_crosswalked_separately,CEADs 1997-2019 290-city emission inventory
广东深圳2019,广东深圳,广东深圳,2019,44.26319349746742,legacy_join_target_crosswalked_separately,CEADs 1997-2019 290-city emission inventory
广东清远2019,广东清远,广东清远,2019,22.959707549282104,legacy_join_target_crosswalked_separately,CEADs 1997-2019 290-city emission inventory
广东潮州2019,广东潮州,广东潮州,2019,18.083147128167184,legacy_join_target_crosswalked_separately,CEADs 1997-2019 290-city emission inventory
广东珠海2019,广东珠海,广东珠海,2019,19.2865378497746,legacy_join_target_crosswalked_separately,CEADs 1997-2019 290-city emission inventory
广东惠州2019,广东惠州,广东惠州,2019,31.673064694011718,legacy_join_target_crosswalked_separately,CEADs 1997-2019 290-city emission inventory
广东梅州2019,广东梅州,广东梅州,2019,31.042056542701346,legacy_join_target_crosswalked_separately,CEADs 1997-2019 290-city emission inventory
广东汕头2019,广东汕头,广东汕头,2019,29.857307292124393,legacy_join_target_crosswalked_separately,CEADs 1997-2019 290-city emission inventory
广东汕尾2019,广东汕尾,广东汕尾,2019,16.406295366390943,legacy_join_target_crosswalked_separately,CEADs 1997-2019 290-city emission inventory
广东湛江2019,广东湛江,广东湛江,2019,57.015501341818336,legacy_join_target_crosswalked_separately,CEADs 1997-2019 290-city emission inventory
广东肇庆2019,广东肇庆,广东肇庆,2019,20.404885723165986,legacy_join_target_crosswalked_separately,CEADs 1997-2019 290-city emission inventory
广东阳江2019,广东阳江,广东阳江,2019,18.068362963319725,legacy_join_target_crosswalked_separately,CEADs 1997-2019 290-city emission inventory
广东韶关2019,广东韶关,广东韶关,2019,34.526713039942834,legacy_join_target_crosswalked_separately,CEADs 1997-2019 290-city emission inventory
广西南宁2019,广西南宁,广西南宁,2019,20.005916217019177,legacy_join_target_crosswalked_separately,CEADs 1997-2019 290-city emission inventory
广西柳州2019,广西柳州,广西柳州,2019,65.04387073242069,legacy_join_target_crosswalked_separately,CEADs 1997-2019 290-city emission inventory
广西桂林2019,广西桂林,广西桂林,2019,10.74219920865967,legacy_join_target_crosswalked_separately,CEADs 1997-2019 290-city emission inventory
海南海口2019,海南海口,海南海口,2019,5.9315390900235885,legacy_join_target_crosswalked_separately,CEADs 1997-2019 290-city emission inventory
重庆2019,重庆,重庆,2019,156.25468104172418,legacy_join_target_crosswalked_separately,CEADs 1997-2019 290-city emission inventory
四川宜宾2019,四川宜宾,四川宜宾,2019,18.92604293528971,legacy_join_target_crosswalked_separately,CEADs 1997-2019 290-city emission inventory
四川广元2019,四川广元,四川广元,2019,13.032378955001116,legacy_join_target_crosswalked_separately,CEADs 1997-2019 290-city emission inventory
四川德阳2019,四川德阳,四川德阳,2019,10.359147328579674,legacy_join_target_crosswalked_separately,CEADs 1997-2019 290-city emission inventory
四川成都2019,四川成都,四川成都,2019,59.71483492197055,legacy_join_target_crosswalked_separately,CEADs 1997-2019 290-city emission inventory
四川甘孜2019,四川甘孜,四川甘孜,2019,1.487066336288941,legacy_join_target_crosswalked_separately,CEADs 1997-2019 290-city emission inventory
四川眉山2019,四川眉山,四川眉山,2019,7.6383074434710165,legacy_join_target_crosswalked_separately,CEADs 1997-2019 290-city emission inventory
四川绵阳2019,四川绵阳,四川绵阳,2019,14.636990407918187,legacy_join_target_crosswalked_separately,CEADs 1997-2019 290-city emission inventory
四川自贡2019,四川自贡,四川自贡,2019,3.9010861259842637,legacy_join_target_crosswalked_separately,CEADs 1997-2019 290-city emission inventory
四川遂宁2019,四川遂宁,四川遂宁,2019,5.184214277392166,legacy_join_target_crosswalked_separately,CEADs 1997-2019 290-city emission inventory
贵州六盘水2019,贵州六盘水,贵州六盘水,2019,33.166556199895375,legacy_join_target_crosswalked_separately,CEADs 1997-2019 290-city emission inventory
贵州安顺2019,贵州安顺,贵州安顺,2019,14.366363802327394,legacy_join_target_crosswalked_separately,CEADs 1997-2019 290-city emission inventory
贵州贵阳2019,贵州贵阳,贵州贵阳,2019,29.88822576699794,legacy_join_target_crosswalked_separately,CEADs 1997-2019 290-city emission inventory
贵州铜仁2019,贵州铜仁,贵州铜仁,2019,14.304728651761884,legacy_join_target_crosswalked_separately,CEADs 1997-2019 290-city emission inventory
贵州黔东南2019,贵州黔东南,贵州黔东南,2019,16.452427381673694,legacy_join_target_crosswalked_separately,CEADs 1997-2019 290-city emission inventory
贵州黔南2019,贵州黔南,贵州黔南,2019,18.06553845520828,legacy_join_target_crosswalked_separately,CEADs 1997-2019 290-city emission inventory
云南文山2019,云南文山,云南文山,2019,9.192765929209537,legacy_join_target_crosswalked_separately,CEADs 1997-2019 290-city emission inventory
云南昆明2019,云南昆明,云南昆明,2019,85.63314112995974,legacy_join_target_crosswalked_separately,CEADs 1997-2019 290-city emission inventory
陕西商洛2019,陕西商洛,陕西商洛,2019,3.7452445987092733,legacy_join_target_crosswalked_separately,CEADs 1997-2019 290-city emission inventory
陕西安康2019,陕西安康,陕西安康,2019,5.578357917175371,legacy_join_target_crosswalked_separately,CEADs 1997-2019 290-city emission inventory
陕西榆林2019,陕西榆林,陕西榆林,2019,457.75671126788285,legacy_join_target_crosswalked_separately,CEADs 1997-2019 290-city emission inventory
陕西汉中2019,陕西汉中,陕西汉中,2019,19.968185102162586,legacy_join_target_crosswalked_separately,CEADs 1997-2019 290-city emission inventory
陕西渭南2019,陕西渭南,陕西渭南,2019,97.49123546194349,legacy_join_target_crosswalked_separately,CEADs 1997-2019 290-city emission inventory
陕西西安2019,陕西西安,陕西西安,2019,31.92001364977174,legacy_join_target_crosswalked_separately,CEADs 1997-2019 290-city emission inventory
甘肃兰州2019,甘肃兰州,甘肃兰州,2019,42.10931586642622,legacy_join_target_crosswalked_separately,CEADs 1997-2019 290-city emission inventory
宁夏石嘴山2019,宁夏石嘴山,宁夏石嘴山,2019,60.90055033317886,legacy_join_target_crosswalked_separately,CEADs 1997-2019 290-city emission inventory
宁夏银川2019,宁夏银川,宁夏银川,2019,135.87570552602506,legacy_join_target_crosswalked_separately,CEADs 1997-2019 290-city emission inventory
新疆阿克苏2019,新疆阿克苏,新疆阿克苏,2019,20.746533044052402,legacy_join_target_crosswalked_separately,CEADs 1997-2019 290-city emission inventory
