Year,Pro_code,Pro_name_CN,Pro_name_EN,PI_all_province,PI_all_province_CR,PI_all_province_EC,PI_all_province_CU,PI_all_province_Tech,PI_all_province_CC,PI_all_province_MB,PI_all_province_CM
2007,11,北京市,Beijing,58.5,0,46.5,12,0,24,10.5,24
2008,11,北京市,Beijing,11.5,0,7.5,4,0,8.5,0,3
2009,11,北京市,Beijing,73.75,0,57.75,12,4,25.5,21.25,27
2010,11,北京市,Beijing,43.5,3,16.5,24,0,39,4.5,0
2011,11,北京市,Beijing,162,89,63,6,4,127.5,21.75,12.75
2012,11,北京市,Beijing,89.5,30,40.5,2,17,45.25,44.25,0
2013,11,北京市,Beijing,69.5,2,49.5,18,0,60,9.5,0
2014,11,北京市,Beijing,33.25,16,17.25,0,0,21.75,11.5,0
2015,11,北京市,Beijing,53.5,22,31.5,0,0,39,8.5,6
2016,11,北京市,Beijing,143.25,58,50.25,2,33,35.5,68,39.75
2017,11,北京市,Beijing,52,26,15,0,11,26,26,0
2018,11,北京市,Beijing,20,6,6,8,0,16,4,0
2019,11,北京市,Beijing,61.5,16,28.5,17,0,45,16.5,0
2020,11,北京市,Beijing,3,0,3,0,0,0,3,0
2021,11,北京市,Beijing,47,7,21,6,13,22,21,4
2022,11,北京市,Beijing,75.5,32,16.5,0,27,36,21.5,18
2007,12,天津市,Tianjin,55.5,0,43.5,12,0,28.5,13.5,13.5
2008,12,天津市,Tianjin,10.5,0,10.5,0,0,7.5,3,0
2009,12,天津市,Tianjin,70.75,0,54.75,12,4,19.5,22.25,29
2010,12,天津市,Tianjin,52.5,3,25.5,24,0,37,3,12.5
2011,12,天津市,Tianjin,170,69,69,6,26,105,52.25,12.75
2012,12,天津市,Tianjin,88,38,33,0,17,35.25,44.75,8
2013,12,天津市,Tianjin,65.5,4,43.5,18,0,54,11.5,0
2014,12,天津市,Tianjin,31.75,0,15.75,8,8,6.75,17,8
2015,12,天津市,Tianjin,37,22,9,0,6,27,10,0
2016,12,天津市,Tianjin,116.75,44,33.75,2,37,18,61.5,37.25
2017,12,天津市,Tianjin,54,26,3,0,25,3,51,0
2018,12,天津市,Tianjin,18,8,0,10,0,10,8,0
2019,12,天津市,Tianjin,56,14,15,27,0,28.5,9.5,18
2020,12,天津市,Tianjin,37.5,6,31.5,0,0,18,19.5,0
2021,12,天津市,Tianjin,87,19,33,6,29,22.5,50.5,14
2022,12,天津市,Tianjin,141,50,54,0,37,61.5,61.5,18
2007,13,河北省,Hebei,49.5,0,37.5,12,0,15,16.5,18
2008,13,河北省,Hebei,19.5,0,19.5,0,0,15,4.5,0
2009,13,河北省,Hebei,67.75,0,51.75,16,0,23.5,17.25,27
2010,13,河北省,Hebei,75.5,3,46.5,20,6,52,17.5,6
2011,13,河北省,Hebei,172,77,69,10,16,136.5,19.75,15.75
2012,13,河北省,Hebei,97.5,38,40.5,0,19,35.25,49.25,13
2013,13,河北省,Hebei,67,0,45,18,4,58.5,8.5,0
2014,13,河北省,Hebei,36.75,2,6.75,28,0,24.75,12,0
2015,13,河北省,Hebei,56,26,18,0,12,35,12,9
2016,13,河北省,Hebei,125.75,48,48.75,2,27,18,72.5,35.25
2017,13,河北省,Hebei,43,22,12,0,9,9,34,0
2018,13,河北省,Hebei,14.5,4,4.5,6,0,7.5,0,7
2019,13,河北省,Hebei,49.5,18,4.5,21,6,28.5,21,0
2020,13,河北省,Hebei,12,0,0,12,0,6,0,6
2021,13,河北省,Hebei,32.5,11,4.5,6,11,6,22.5,4
2022,13,河北省,Hebei,73,18,18,0,37,40,18,15
2007,14,山西省,Shanxi,82.5,0,46.5,16,20,19.5,40.5,22.5
2008,14,山西省,Shanxi,24,0,12,12,0,4.5,15,4.5
2009,14,山西省,Shanxi,119.25,0,71.25,24,24,58.5,30.75,30
2010,14,山西省,Shanxi,37.5,3,22.5,12,0,24,7.5,6
2011,14,山西省,Shanxi,154,75,51,24,4,122,19.25,12.75
2012,14,山西省,Shanxi,113,50,36,12,15,57.75,43.25,12
2013,14,山西省,Shanxi,94,8,54,18,14,57,31,6
2014,14,山西省,Shanxi,43.25,18,17.25,0,8,6.75,24.5,12
2015,14,山西省,Shanxi,34.5,18,10.5,0,6,29,5.5,0
2016,14,山西省,Shanxi,127.25,42,38.25,12,35,16.5,69.5,41.25
2017,14,山西省,Shanxi,57,24,6,18,9,33,24,0
2018,14,山西省,Shanxi,18,0,0,18,0,18,0,0
2019,14,山西省,Shanxi,59,12,0,47,0,24,5,30
2020,14,山西省,Shanxi,12,2,6,0,4,4.5,5.5,2
2021,14,山西省,Shanxi,28.5,3,4.5,6,15,6,22.5,0
2022,14,山西省,Shanxi,119,22,42,4,51,68.5,29.5,21
2007,15,内蒙古自治区,Inner Mongolia,51,0,39,12,0,27,15,9
2008,15,内蒙古自治区,Inner Mongolia,18,0,18,0,0,18,0,0
2009,15,内蒙古自治区,Inner Mongolia,89.25,0,77.25,12,0,24,38.25,27
2010,15,内蒙古自治区,Inner Mongolia,47.5,3,28.5,16,0,31,3,13.5
2011,15,内蒙古自治区,Inner Mongolia,127.5,69,52.5,6,0,105,9.75,12.75
2012,15,内蒙古自治区,Inner Mongolia,75,30,30,0,15,35.25,39.75,0
2013,15,内蒙古自治区,Inner Mongolia,72,0,48,24,0,58.5,13.5,0
2014,15,内蒙古自治区,Inner Mongolia,36.75,12,6.75,18,0,8.75,18,10
2015,15,内蒙古自治区,Inner Mongolia,31.5,18,13.5,0,0,31.5,0,0
2016,15,内蒙古自治区,Inner Mongolia,110.25,42,29.25,12,27,25.5,49.5,35.25
2017,15,内蒙古自治区,Inner Mongolia,86,42,27,6,11,16,49,21
2018,15,内蒙古自治区,Inner Mongolia,10.5,0,4.5,6,0,10.5,0,0
2019,15,内蒙古自治区,Inner Mongolia,21,12,0,9,0,18,3,0
2020,15,内蒙古自治区,Inner Mongolia,26,2,18,0,6,18,8,0
2021,15,内蒙古自治区,Inner Mongolia,60,9,36,6,9,10.5,49.5,0
2022,15,内蒙古自治区,Inner Mongolia,104,24,39,10,31,39,39.5,25.5
2007,21,辽宁省,Liaoning,43.5,0,31.5,12,0,18,16.5,9
2008,21,辽宁省,Liaoning,7.5,0,7.5,0,0,7.5,0,0
2009,21,辽宁省,Liaoning,68.25,0,56.25,12,0,19.5,21.75,27
2010,21,辽宁省,Liaoning,64,3,21,28,12,45,19,0
2011,21,辽宁省,Liaoning,127.5,69,52.5,6,0,102,12.75,12.75
2012,21,辽宁省,Liaoning,79.5,36,28.5,0,15,41.25,38.25,0
2013,21,辽宁省,Liaoning,58.5,0,40.5,18,0,54,4.5,0
2014,21,辽宁省,Liaoning,26.75,4,18.75,4,0,18.75,4,4
2015,21,辽宁省,Liaoning,36,18,12,4,2,29,7,0
2016,21,辽宁省,Liaoning,125.25,46,32.25,16,31,15.5,68.5,41.25
2017,21,辽宁省,Liaoning,47,32,6,0,9,7,40,0
2018,21,辽宁省,Liaoning,18,12,0,6,0,12,6,0
2019,21,辽宁省,Liaoning,42,12,3,9,18,21,3,18
2020,21,辽宁省,Liaoning,0,0,0,0,0,0,0,0
2021,21,辽宁省,Liaoning,30.5,5,10.5,6,9,9,16.5,5
2022,21,辽宁省,Liaoning,77.5,32,16.5,0,29,42,18.5,17
2007,22,吉林省,Jilin,39,0,27,12,0,15,15,9
2008,22,吉林省,Jilin,7.5,0,7.5,0,0,7.5,0,0
2009,22,吉林省,Jilin,67.75,0,51.75,16,0,19.5,21.25,27
2010,22,吉林省,Jilin,32.5,3,13.5,16,0,28,4.5,0
2011,22,吉林省,Jilin,143.5,73,58.5,6,6,106,24.75,12.75
2012,22,吉林省,Jilin,124,44,45,18,17,47.25,56.75,20
2013,22,吉林省,Jilin,80.5,0,52.5,24,4,64.5,16,0
2014,22,吉林省,Jilin,37.25,12,11.25,12,2,27.75,9.5,0
2015,22,吉林省,Jilin,38,20,18,0,0,36,2,0
2016,22,吉林省,Jilin,129.25,42,32.25,12,43,13.5,80.5,35.25
2017,22,吉林省,Jilin,47.5,34,4.5,0,9,7,36,4.5
2018,22,吉林省,Jilin,9.5,0,1.5,6,2,7.5,2,0
2019,22,吉林省,Jilin,33,18,6,9,0,24,5,4
2020,22,吉林省,Jilin,12,6,6,0,0,12,0,0
2021,22,吉林省,Jilin,32.5,13,4.5,6,9,14,16.5,2
2022,22,吉林省,Jilin,77.5,26,16.5,8,27,44,18.5,15
2007,23,黑龙江省,Heilongjiang,40.5,0,28.5,12,0,21,10.5,9
2008,23,黑龙江省,Heilongjiang,6.5,0,4.5,0,2,4.5,2,0
2009,23,黑龙江省,Heilongjiang,63.75,0,51.75,12,0,19.5,17.25,27
2010,23,黑龙江省,Heilongjiang,33,3,12,16,2,31,2,0
2011,23,黑龙江省,Heilongjiang,126,69,51,6,0,102,11.25,12.75
2012,23,黑龙江省,Heilongjiang,84.5,38,31.5,0,15,35.25,41.25,8
2013,23,黑龙江省,Heilongjiang,65,0,45,18,2,54,11,0
2014,23,黑龙江省,Heilongjiang,11.75,2,9.75,0,0,6.75,5,0
2015,23,黑龙江省,Heilongjiang,30,18,12,0,0,27,3,0
2016,23,黑龙江省,Heilongjiang,115.25,42,32.25,14,27,25.5,54.5,35.25
2017,23,黑龙江省,Heilongjiang,67.5,22,22.5,8,15,11,39,17.5
2018,23,黑龙江省,Heilongjiang,16.5,0,4.5,10,2,6,10.5,0
2019,23,黑龙江省,Heilongjiang,29,12,6,9,2,18,11,0
2020,23,黑龙江省,Heilongjiang,6,0,6,0,0,3,3,0
2021,23,黑龙江省,Heilongjiang,36.5,17,4.5,6,9,8,28.5,0
2022,23,黑龙江省,Heilongjiang,66.5,26,13.5,0,27,44,10.5,12
2007,31,上海市,Shanghai,43.5,0,31.5,12,0,24,10.5,9
2008,31,上海市,Shanghai,9.5,0,7.5,0,2,7.5,2,0
2009,31,上海市,Shanghai,86.25,0,62.25,16,8,24,35.25,27
2010,31,上海市,Shanghai,37.5,3,22.5,12,0,28.5,9,0
2011,31,上海市,Shanghai,174.5,75,91.5,6,2,111,48.75,14.75
2012,31,上海市,Shanghai,147.5,48,64.5,0,35,60.75,69.25,17.5
2013,31,上海市,Shanghai,118,8,90,18,2,64.5,44.5,9
2014,31,上海市,Shanghai,97.75,4,81.75,12,0,33.75,52,12
2015,31,上海市,Shanghai,89.5,20,67.5,0,2,34.5,55,0
2016,31,上海市,Shanghai,177.75,48,84.75,2,43,28.5,108,41.25
2017,31,上海市,Shanghai,72,30,27,0,15,3,51,18
2018,31,上海市,Shanghai,69,12,45,12,0,16.5,39,13.5
2019,31,上海市,Shanghai,67.5,12,46.5,9,0,36,31.5,0
2020,31,上海市,Shanghai,62,8,54,0,0,0,60,2
2021,31,上海市,Shanghai,75.5,31,25.5,6,13,23.5,42,10
2022,31,上海市,Shanghai,141,46,66,0,29,60,57,24
2007,32,江苏省,Jiangsu,88.5,0,58.5,30,0,39,22.5,27
2008,32,江苏省,Jiangsu,19.5,0,19.5,0,0,10.5,9,0
2009,32,江苏省,Jiangsu,118.75,0,72.75,12,34,19.5,45.75,53.5
2010,32,江苏省,Jiangsu,67,3,30,16,18,35.5,25.5,6
2011,32,江苏省,Jiangsu,152,77,63,6,6,105,32.25,14.75
2012,32,江苏省,Jiangsu,109,34,60,0,15,51.75,54.25,3
2013,32,江苏省,Jiangsu,113,20,51,36,6,67.5,21.5,24
2014,32,江苏省,Jiangsu,41.25,6,23.25,2,10,23.75,15.5,2
2015,32,江苏省,Jiangsu,36.5,20,16.5,0,0,33.5,3,0
2016,32,江苏省,Jiangsu,145.75,42,30.75,38,35,41,63.5,41.25
2017,32,江苏省,Jiangsu,42,18,15,0,9,15,27,0
2018,32,江苏省,Jiangsu,18,6,0,8,4,12,6,0
2019,32,江苏省,Jiangsu,24,12,3,9,0,21,3,0
2020,32,江苏省,Jiangsu,13.5,0,7.5,6,0,3,0,10.5
2021,32,江苏省,Jiangsu,49.5,21,7.5,6,15,10,30.5,9
2022,32,江苏省,Jiangsu,65.5,22,16.5,0,27,36,17.5,12
2007,33,浙江省,Zhejiang,40.5,0,28.5,12,0,21,10.5,9
2008,33,浙江省,Zhejiang,26,0,12,0,14,12,14,0
2009,33,浙江省,Zhejiang,77.75,0,57.75,16,4,23.5,27.25,27
2010,33,浙江省,Zhejiang,41.5,7,22.5,12,0,33,8.5,0
2011,33,浙江省,Zhejiang,148.5,69,73.5,6,0,124.5,9.75,14.25
2012,33,浙江省,Zhejiang,101.5,30,40.5,0,31,39.75,51.75,10
2013,33,浙江省,Zhejiang,80.5,0,52.5,22,6,60,20.5,0
2014,33,浙江省,Zhejiang,41.75,4,21.75,16,0,13.75,12,16
2015,33,浙江省,Zhejiang,43,18,21,0,4,33,6,4
2016,33,浙江省,Zhejiang,129.25,50,38.25,12,29,15.5,63.5,50.25
2017,33,浙江省,Zhejiang,83.5,36,10.5,24,13,21,51,11.5
2018,33,浙江省,Zhejiang,19,0,9,6,4,15,4,0
2019,33,浙江省,Zhejiang,31,18,0,9,4,24,7,0
2020,33,浙江省,Zhejiang,13,10,3,0,0,9,4,0
2021,33,浙江省,Zhejiang,51.5,15,13.5,6,17,12,35.5,4
2022,33,浙江省,Zhejiang,82.5,30,25.5,0,27,39,27.5,16
2007,34,安徽省,Anhui,54,0,42,12,0,19.5,16.5,18
2008,34,安徽省,Anhui,18,0,18,0,0,15,0,3
2009,34,安徽省,Anhui,94.25,0,74.25,16,4,22.5,34.25,37.5
2010,34,安徽省,Anhui,61.5,3,28.5,30,0,45,0,16.5
2011,34,安徽省,Anhui,137,69,60,8,0,108,11.75,17.25
2012,34,安徽省,Anhui,86,36,33,0,17,44.25,38.75,3
2013,34,安徽省,Anhui,77.5,6,43.5,20,8,58,16.5,3
2014,34,安徽省,Anhui,12.75,4,6.75,2,0,6.75,4,2
2015,34,安徽省,Anhui,35,24,9,2,0,29,6,0
2016,34,安徽省,Anhui,118.25,42,29.25,16,31,13.5,65.5,39.25
2017,34,安徽省,Anhui,61.5,24,16.5,0,21,10.5,48,3
2018,34,安徽省,Anhui,21,0,3,10,8,11,10,0
2019,34,安徽省,Anhui,30,18,3,9,0,27,3,0
2020,34,安徽省,Anhui,0,0,0,0,0,0,0,0
2021,34,安徽省,Anhui,34.5,5,4.5,6,19,6,28.5,0
2022,34,安徽省,Anhui,88,30,27,0,31,45,25,18
2007,35,福建省,Fujian,39,0,27,12,0,19.5,10.5,9
2008,35,福建省,Fujian,34,4,30,0,0,31,3,0
2009,35,福建省,Fujian,63.75,0,51.75,12,0,19.5,17.25,27
2010,35,福建省,Fujian,24,3,9,12,0,24,0,0
2011,35,福建省,Fujian,186,69,75,24,18,123,35.25,27.75
2012,35,福建省,Fujian,94,30,39,6,19,41.25,52.75,0
2013,35,福建省,Fujian,71,4,45,22,0,66.5,4.5,0
2014,35,福建省,Fujian,27.25,0,17.25,8,2,17.75,9.5,0
2015,35,福建省,Fujian,62,24,36,2,0,27,35,0
2016,35,福建省,Fujian,142.75,48,51.75,2,41,19.5,88,35.25
2017,35,福建省,Fujian,42.5,26,7.5,0,9,3,27.5,12
2018,35,福建省,Fujian,17.5,2,1.5,14,0,13.5,4,0
2019,35,福建省,Fujian,28.5,12,1.5,15,0,19.5,9,0
2020,35,福建省,Fujian,1.5,0,1.5,0,0,1.5,0,0
2021,35,福建省,Fujian,44,21,6,8,9,6,18.5,19.5
2022,35,福建省,Fujian,79.5,36,16.5,0,27,44,20.5,15
2007,36,江西省,Jiangxi,52.5,0,40.5,12,0,18,25.5,9
2008,36,江西省,Jiangxi,19.5,0,19.5,0,0,13.5,6,0
2009,36,江西省,Jiangxi,85.75,0,69.75,12,4,19.5,36.25,30
2010,36,江西省,Jiangxi,68,3,39,26,0,36,16.5,15.5
2011,36,江西省,Jiangxi,157.5,69,82.5,6,0,118.5,12.75,26.25
2012,36,江西省,Jiangxi,94.5,38,37.5,0,19,41.25,49.25,4
2013,36,江西省,Jiangxi,80.5,0,58.5,22,0,62.5,15,3
2014,36,江西省,Jiangxi,19.25,0,11.25,0,8,6.75,12.5,0
2015,36,江西省,Jiangxi,29,20,9,0,0,27,2,0
2016,36,江西省,Jiangxi,143.25,54,44.25,2,43,13.5,91.5,38.25
2017,36,江西省,Jiangxi,41,26,6,0,9,3,32,6
2018,36,江西省,Jiangxi,15,6,3,6,0,6,9,0
2019,36,江西省,Jiangxi,23,12,0,9,2,20,3,0
2020,36,江西省,Jiangxi,0,0,0,0,0,0,0,0
2021,36,江西省,Jiangxi,24.5,3,4.5,8,9,6,16.5,2
2022,36,江西省,Jiangxi,84.5,32,25.5,0,27,36,26.5,22
2007,37,山东省,Shandong,83.5,0,49.5,30,4,48,23.5,12
2008,37,山东省,Shandong,43.5,0,25.5,14,4,21,15,7.5
2009,37,山东省,Shandong,130.25,0,86.25,12,32,27,68.75,34.5
2010,37,山东省,Shandong,74.5,3,25.5,14,32,33.5,32,9
2011,37,山东省,Shandong,147.5,69,70.5,6,2,109.5,14.75,23.25
2012,37,山东省,Shandong,133.5,36,46.5,20,31,76.75,56.75,0
2013,37,山东省,Shandong,73.5,0,49.5,20,4,57,16.5,0
2014,37,山东省,Shandong,36.25,6,8.25,12,10,18.75,17.5,0
2015,37,山东省,Shandong,50,18,30,2,0,44,6,0
2016,37,山东省,Shandong,134.75,44,33.75,24,33,33,66.5,35.25
2017,37,山东省,Shandong,79.5,22,28.5,20,9,42.5,30,7
2018,37,山东省,Shandong,82,0,42,24,16,54,17.5,10.5
2019,37,山东省,Shandong,39,12,0,27,0,18,3,18
2020,37,山东省,Shandong,11.5,0,1.5,6,4,1.5,4,6
2021,37,山东省,Shandong,40.5,3,16.5,8,13,17,23.5,0
2022,37,山东省,Shandong,87.5,42,16.5,0,29,50,22.5,15
2007,41,河南省,Henan,60.5,0,40.5,20,0,38,13.5,9
2008,41,河南省,Henan,21,0,21,0,0,18,3,0
2009,41,河南省,Henan,119.25,0,89.25,12,18,27,65.25,27
2010,41,河南省,Henan,78.5,3,37.5,32,6,57.5,18,3
2011,41,河南省,Henan,152.5,75,61.5,6,10,110,23.75,18.75
2012,41,河南省,Henan,114.5,44,49.5,0,21,41.75,62.25,10.5
2013,41,河南省,Henan,92,10,54,18,10,60,32,0
2014,41,河南省,Henan,54.75,4,30.75,14,6,27.75,27,0
2015,41,河南省,Henan,47.5,24,13.5,4,6,33,14.5,0
2016,41,河南省,Henan,151.75,58,36.75,22,35,44,72.5,35.25
2017,41,河南省,Henan,82,30,9,0,43,7,55,20
2018,41,河南省,Henan,34,10,18,6,0,25.5,4,4.5
2019,41,河南省,Henan,52.5,12,19.5,9,12,27,25.5,0
2020,41,河南省,Henan,0,0,0,0,0,0,0,0
2021,41,河南省,Henan,55.5,3,19.5,8,25,13,37.5,5
2022,41,河南省,Henan,77.5,22,16.5,0,39,41,24.5,12
2007,42,湖北省,Hubei,63,0,51,12,0,31.5,13.5,18
2008,42,湖北省,Hubei,19.5,0,19.5,0,0,13.5,6,0
2009,42,湖北省,Hubei,92.75,4,72.75,16,0,28,36.25,28.5
2010,42,湖北省,Hubei,67.5,3,28.5,32,4,57.5,10,0
2011,42,湖北省,Hubei,163.5,75,58.5,28,2,132.5,14.25,16.75
2012,42,湖北省,Hubei,108.5,46,37.5,4,21,39.75,60.75,8
2013,42,湖北省,Hubei,92,20,54,18,0,58.5,33.5,0
2014,42,湖北省,Hubei,26.75,14,6.75,6,0,6.75,16,4
2015,42,湖北省,Hubei,43.5,24,13.5,2,4,27,12,4.5
2016,42,湖北省,Hubei,181.25,88,38.25,28,27,50,78,53.25
2017,42,湖北省,Hubei,62.5,28,25.5,0,9,13.5,43,6
2018,42,湖北省,Hubei,54,4,36,12,2,12,39,3
2019,42,湖北省,Hubei,28.5,16,1.5,11,0,23.5,3,2
2020,42,湖北省,Hubei,6,6,0,0,0,0,6,0
2021,42,湖北省,Hubei,57,15,21,6,15,10.5,36.5,10
2022,42,湖北省,Hubei,72.5,26,19.5,0,27,42,14.5,16
2007,43,湖南省,Hunan,58.5,0,40.5,14,4,22.5,16.5,19.5
2008,43,湖南省,Hunan,32,0,24,0,8,18,14,0
2009,43,湖南省,Hunan,107.75,0,75.75,16,16,23.5,53.25,31
2010,43,湖南省,Hunan,37,3,12,12,10,24,13,0
2011,43,湖南省,Hunan,146.5,69,61.5,16,0,108,16.75,21.75
2012,43,湖南省,Hunan,75,30,30,0,15,38.25,36.75,0
2013,43,湖南省,Hunan,61.5,0,43.5,18,0,54,7.5,0
2014,43,湖南省,Hunan,18.75,2,6.75,0,10,6.75,10,2
2015,43,湖南省,Hunan,48.5,24,10.5,0,14,27,20,1.5
2016,43,湖南省,Hunan,118.25,42,35.25,12,29,17.5,65.5,35.25
2017,43,湖南省,Hunan,61.5,20,22.5,4,15,11.5,44,6
2018,43,湖南省,Hunan,16.5,0,10.5,6,0,13.5,3,0
2019,43,湖南省,Hunan,31.5,12,10.5,9,0,22.5,9,0
2020,43,湖南省,Hunan,6,0,6,0,0,0,6,0
2021,43,湖南省,Hunan,32.5,7,4.5,6,15,10,22.5,0
2022,43,湖南省,Hunan,93,38,18,0,37,43,30,20
2007,44,广东省,Guangdong,48.5,0,28.5,12,8,15,18.5,15
2008,44,广东省,Guangdong,27,0,21,6,0,24,3,0
2009,44,广东省,Guangdong,69.25,0,53.25,12,4,19.5,22.75,27
2010,44,广东省,Guangdong,64,5,27,28,4,48.5,15.5,0
2011,44,广东省,Guangdong,155,75,66,6,8,112.5,25.25,17.25
2012,44,广东省,Guangdong,125,46,42,2,35,52.25,66.75,6
2013,44,广东省,Guangdong,77,6,51,18,2,54,23,0
2014,44,广东省,Guangdong,37.75,12,15.75,2,8,11.25,14,12.5
2015,44,广东省,Guangdong,47.5,20,19.5,2,6,27,20.5,0
2016,44,广东省,Guangdong,129.75,42,36.75,24,27,25.5,69,35.25
2017,44,广东省,Guangdong,82.5,34,19.5,14,15,33,49.5,0
2018,44,广东省,Guangdong,17,4,3,6,4,6,8,3
2019,44,广东省,Guangdong,43,16,6,9,12,24,19,0
2020,44,广东省,Guangdong,50,4,24,0,22,10.5,23.5,16
2021,44,广东省,Guangdong,52,5,24,14,9,6,28,18
2022,44,广东省,Guangdong,111,38,30,0,43,45,51,15
2007,45,广西壮族自治区,Guangxi,61,0,45,12,4,21,26.5,13.5
2008,45,广西壮族自治区,Guangxi,21,0,15,6,0,12,9,0
2009,45,广西壮族自治区,Guangxi,123.25,0,71.25,28,24,24,68.25,31
2010,45,广西壮族自治区,Guangxi,50.5,3,31.5,12,4,37.5,9,4
2011,45,广西壮族自治区,Guangxi,137.5,69,58.5,6,4,102,13.75,21.75
2012,45,广西壮族自治区,Guangxi,88.5,42,31.5,0,15,47.25,41.25,0
2013,45,广西壮族自治区,Guangxi,79.5,18,43.5,18,0,60,10.5,9
2014,45,广西壮族自治区,Guangxi,30.75,0,24.75,0,6,9.75,21,0
2015,45,广西壮族自治区,Guangxi,38.5,18,16.5,0,4,31.5,7,0
2016,45,广西壮族自治区,Guangxi,124.75,52,33.75,10,29,22,67.5,35.25
2017,45,广西壮族自治区,Guangxi,39,26,0,4,9,7,32,0
2018,45,广西壮族自治区,Guangxi,19,4,9,6,0,11,8,0
2019,45,广西壮族自治区,Guangxi,29,12,6,9,2,24,5,0
2020,45,广西壮族自治区,Guangxi,4,0,0,0,4,0,0,4
2021,45,广西壮族自治区,Guangxi,69,5,27,6,31,21.5,47.5,0
2022,45,广西壮族自治区,Guangxi,83,26,18,10,29,36,20.5,26.5
2007,46,海南省,Hainan,48,0,36,12,0,28.5,10.5,9
2008,46,海南省,Hainan,28.5,0,28.5,0,0,25.5,3,0
2009,46,海南省,Hainan,63.75,0,51.75,12,0,19.5,17.25,27
2010,46,海南省,Hainan,66.5,5,25.5,36,0,48,7.5,11
2011,46,海南省,Hainan,124.5,69,49.5,6,0,102,9.75,12.75
2012,46,海南省,Hainan,97.5,30,46.5,0,21,50.25,47.25,0
2013,46,海南省,Hainan,58.5,0,40.5,18,0,54,4.5,0
2014,46,海南省,Hainan,20.75,2,18.75,0,0,15.75,5,0
2015,46,海南省,Hainan,27,18,9,0,0,27,0,0
2016,46,海南省,Hainan,127.75,48,42.75,0,37,22.5,70,35.25
2017,46,海南省,Hainan,45,20,12,0,13,15,30,0
2018,46,海南省,Hainan,12,6,0,6,0,6,6,0
2019,46,海南省,Hainan,21,12,0,9,0,18,3,0
2020,46,海南省,Hainan,0,0,0,0,0,0,0,0
2021,46,海南省,Hainan,28.5,9,4.5,6,9,6,16.5,6
2022,46,海南省,Hainan,72.5,32,13.5,0,27,46,14.5,12
2007,50,重庆市,Chongqing,64,0,48,12,4,27,22,15
2008,50,重庆市,Chongqing,25.5,0,19.5,6,0,25.5,0,0
2009,50,重庆市,Chongqing,87.25,4,71.25,12,0,36,24.25,27
2010,50,重庆市,Chongqing,60,3,27,30,0,51,9,0
2011,50,重庆市,Chongqing,152.5,77,67.5,6,2,112,15.75,24.75
2012,50,重庆市,Chongqing,121,30,60,0,31,48.75,69.25,3
2013,50,重庆市,Chongqing,70,0,42,20,8,57.5,12.5,0
2014,50,重庆市,Chongqing,34.25,4,8.25,22,0,30.25,4,0
2015,50,重庆市,Chongqing,35,26,9,0,0,27,4,4
2016,50,重庆市,Chongqing,164.25,62,35.25,40,27,37.5,91.5,35.25
2017,50,重庆市,Chongqing,37,24,0,4,9,5,32,0
2018,50,重庆市,Chongqing,6,0,0,6,0,6,0,0
2019,50,重庆市,Chongqing,25.5,12,4.5,9,0,18,7.5,0
2020,50,重庆市,Chongqing,13.5,0,13.5,0,0,4.5,9,0
2021,50,重庆市,Chongqing,48,13,18,8,9,11,32.5,4.5
2022,50,重庆市,Chongqing,122.5,44,25.5,6,47,42,58.5,22
2007,51,四川省,Sichuan,74.5,0,58.5,12,4,27,20.5,27
2008,51,四川省,Sichuan,24,0,24,0,0,24,0,0
2009,51,四川省,Sichuan,81.75,0,57.75,24,0,31.5,20.25,30
2010,51,四川省,Sichuan,64,3,39,18,4,46,18,0
2011,51,四川省,Sichuan,152.5,69,67.5,8,8,111,28.75,12.75
2012,51,四川省,Sichuan,115,36,42,14,23,64.25,50.75,0
2013,51,四川省,Sichuan,60,0,42,18,0,54,6,0
2014,51,四川省,Sichuan,13.25,2,11.25,0,0,6.75,0,6.5
2015,51,四川省,Sichuan,40,18,18,2,2,36.5,3.5,0
2016,51,四川省,Sichuan,118.25,44,35.25,6,33,25.5,57.5,35.25
2017,51,四川省,Sichuan,71,30,18,14,9,30,34,7
2018,51,四川省,Sichuan,48,20,0,16,12,12,32,4
2019,51,四川省,Sichuan,23,14,0,9,0,20,3,0
2020,51,四川省,Sichuan,0,0,0,0,0,0,0,0
2021,51,四川省,Sichuan,35,3,15,8,9,12.5,22.5,0
2022,51,四川省,Sichuan,93,32,30,0,31,49,23,21
2007,52,贵州省,Guizhou,57,0,45,12,0,34.5,10.5,12
2008,52,贵州省,Guizhou,44.5,0,28.5,12,4,30,14.5,0
2009,52,贵州省,Guizhou,104.75,0,84.75,20,0,42,22.25,40.5
2010,52,贵州省,Guizhou,34,3,15,16,0,28,6,0
2011,52,贵州省,Guizhou,154,69,57,10,18,108,29.25,16.75
2012,52,贵州省,Guizhou,93,30,48,0,15,53.25,39.75,0
2013,52,贵州省,Guizhou,76,4,54,18,0,63,9,4
2014,52,贵州省,Guizhou,19.75,2,15.75,2,0,15.25,1.5,3
2015,52,贵州省,Guizhou,36,18,18,0,0,31.5,0,4.5
2016,52,贵州省,Guizhou,121.25,50,38.25,6,27,24,62,35.25
2017,52,贵州省,Guizhou,53.5,24,10.5,10,9,9,28,16.5
2018,52,贵州省,Guizhou,12,6,0,6,0,6,6,0
2019,52,贵州省,Guizhou,25,12,0,13,0,18,7,0
2020,52,贵州省,Guizhou,4,4,0,0,0,4,0,0
2021,52,贵州省,Guizhou,25.5,3,7.5,6,9,6,19.5,0
2022,52,贵州省,Guizhou,77.5,34,16.5,0,27,40,21.5,16
2007,53,云南省,Yunnan,81,0,69,12,0,51,21,9
2008,53,云南省,Yunnan,22,4,18,0,0,9,13,0
2009,53,云南省,Yunnan,69.75,0,51.75,18,0,25.5,17.25,27
2010,53,云南省,Yunnan,66.5,3,49.5,12,2,45,3.5,18
2011,53,云南省,Yunnan,148.5,75,55.5,6,12,108,27.75,12.75
2012,53,云南省,Yunnan,101,36,42,0,23,35.25,56.75,9
2013,53,云南省,Yunnan,69,0,51,18,0,54,15,0
2014,53,云南省,Yunnan,41.75,0,21.75,12,8,8.25,27.5,6
2015,53,云南省,Yunnan,37,18,9,4,6,27,10,0
2016,53,云南省,Yunnan,110.75,42,33.75,8,27,13.5,54,43.25
2017,53,云南省,Yunnan,63,26,12,16,9,13,44,6
2018,53,云南省,Yunnan,12,0,0,12,0,12,0,0
2019,53,云南省,Yunnan,21,12,0,9,0,18,3,0
2020,53,云南省,Yunnan,2,2,0,0,0,2,0,0
2021,53,云南省,Yunnan,27.5,5,7.5,6,9,6,21.5,0
2022,53,云南省,Yunnan,99.5,34,16.5,2,47,36,38.5,25
2007,54,西藏自治区,Xizang,37.5,0,25.5,12,0,15,10.5,12
2008,54,西藏自治区,Xizang,7.5,0,7.5,0,0,4.5,0,3
2009,54,西藏自治区,Xizang,63.75,0,51.75,12,0,19.5,17.25,27
2010,54,西藏自治区,Xizang,24,3,9,12,0,24,0,0
2011,54,西藏自治区,Xizang,128.5,69,49.5,6,4,102,13.75,12.75
2012,54,西藏自治区,Xizang,72,30,27,0,15,35.25,36.75,0
2013,54,西藏自治区,Xizang,58.5,0,40.5,18,0,54,4.5,0
2014,54,西藏自治区,Xizang,12.75,4,6.75,0,2,6.75,2,4
2015,54,西藏自治区,Xizang,27,18,9,0,0,27,0,0
2016,54,西藏自治区,Xizang,98.25,42,29.25,0,27,13.5,49.5,35.25
2017,54,西藏自治区,Xizang,27,18,0,0,9,3,24,0
2018,54,西藏自治区,Xizang,13,4,3,6,0,6,7,0
2019,54,西藏自治区,Xizang,21,12,0,9,0,18,3,0
2020,54,西藏自治区,Xizang,0,0,0,0,0,0,0,0
2021,54,西藏自治区,Xizang,22.5,3,4.5,6,9,6,16.5,0
2022,54,西藏自治区,Xizang,64.5,18,19.5,0,27,42,10.5,12
2007,61,陕西省,Shaanxi,107.5,0,55.5,46,6,76,22.5,9
2008,61,陕西省,Shaanxi,44,0,18,18,8,30,14,0
2009,61,陕西省,Shaanxi,114.25,0,68.25,18,28,28.5,48.25,37.5
2010,61,陕西省,Shaanxi,117.5,7,28.5,62,20,87.5,27,3
2011,61,陕西省,Shaanxi,157,71,60,6,20,108.5,35.75,12.75
2012,61,陕西省,Shaanxi,121,36,66,0,19,60.75,45.25,15
2013,61,陕西省,Shaanxi,91,0,57,18,16,64.5,26.5,0
2014,61,陕西省,Shaanxi,55.25,0,35.25,12,8,27.75,15.5,12
2015,61,陕西省,Shaanxi,52.5,30,16.5,6,0,48,4.5,0
2016,61,陕西省,Shaanxi,137.25,44,50.25,14,29,35.5,66.5,35.25
2017,61,陕西省,Shaanxi,51.5,28,10.5,2,11,13.5,32,6
2018,61,陕西省,Shaanxi,52,8,36,6,2,38,6,8
2019,61,陕西省,Shaanxi,29,14,0,9,6,20,9,0
2020,61,陕西省,Shaanxi,2,0,0,0,2,0,2,0
2021,61,陕西省,Shaanxi,35.5,11,7.5,8,9,6,25.5,4
2022,61,陕西省,Shaanxi,75,24,18,4,29,38,25,12
2007,62,甘肃省,Gansu,52.5,0,40.5,12,0,21,13.5,18
2008,62,甘肃省,Gansu,15,0,15,0,0,9,3,3
2009,62,甘肃省,Gansu,69.75,0,57.75,12,0,19.5,23.25,27
2010,62,甘肃省,Gansu,67,3,30,24,10,42,25,0
2011,62,甘肃省,Gansu,134.5,73,55.5,6,0,102,19.75,12.75
2012,62,甘肃省,Gansu,86,30,33,8,15,41.25,44.75,0
2013,62,甘肃省,Gansu,85.5,0,43.5,24,18,61,24.5,0
2014,62,甘肃省,Gansu,54.25,6,26.25,10,12,21.25,33,0
2015,62,甘肃省,Gansu,46.5,24,16.5,0,6,34.5,6,6
2016,62,甘肃省,Gansu,165.25,56,44.25,22,43,26.5,85.5,53.25
2017,62,甘肃省,Gansu,39,18,6,6,9,9,30,0
2018,62,甘肃省,Gansu,29.5,12,7.5,10,0,6,13.5,10
2019,62,甘肃省,Gansu,25.5,12,4.5,9,0,22.5,3,0
2020,62,甘肃省,Gansu,9,0,9,0,0,0,0,9
2021,62,甘肃省,Gansu,26.5,7,4.5,6,9,6,20.5,0
2022,62,甘肃省,Gansu,67.5,18,16.5,4,29,42,10.5,15
2007,63,青海省,Qinghai,49.5,0,37.5,12,0,15,12,22.5
2008,63,青海省,Qinghai,21,0,15,6,0,12,3,6
2009,63,青海省,Qinghai,108.25,0,68.25,22,18,36,45.25,27
2010,63,青海省,Qinghai,44.5,5,25.5,14,0,37.5,4,3
2011,63,青海省,Qinghai,159,69,66,18,6,120,18.75,20.25
2012,63,青海省,Qinghai,92,30,27,14,21,49.25,42.75,0
2013,63,青海省,Qinghai,110,0,66,36,8,90,20,0
2014,63,青海省,Qinghai,36.75,0,24.75,10,2,15.75,12,9
2015,63,青海省,Qinghai,48.5,18,16.5,14,0,33,11,4.5
2016,63,青海省,Qinghai,121.25,46,38.25,10,27,15,71,35.25
2017,63,青海省,Qinghai,72,28,21,8,15,19.5,48.5,4
2018,63,青海省,Qinghai,19,6,3,6,4,6,10,3
2019,63,青海省,Qinghai,36.5,12,13.5,9,2,18,12.5,6
2020,63,青海省,Qinghai,10,10,0,0,0,4,6,0
2021,63,青海省,Qinghai,46,9,12,10,15,14,26,6
2022,63,青海省,Qinghai,72.5,26,19.5,0,27,41.5,19,12
2007,64,宁夏回族自治区,Ningxia,88,0,48,36,4,38.5,36,13.5
2008,64,宁夏回族自治区,Ningxia,36.5,0,34.5,2,0,22.5,12.5,1.5
2009,64,宁夏回族自治区,Ningxia,100.75,0,78.75,20,2,19.5,49.75,31.5
2010,64,宁夏回族自治区,Ningxia,34.5,3,13.5,16,2,28,6.5,0
2011,64,宁夏回族自治区,Ningxia,133,69,54,10,0,110.5,9.75,12.75
2012,64,宁夏回族自治区,Ningxia,95.5,36,40.5,2,17,47.75,38.25,9.5
2013,64,宁夏回族自治区,Ningxia,76.5,4,46.5,24,2,60,13.5,3
2014,64,宁夏回族自治区,Ningxia,52.25,6,32.25,14,0,24.75,27.5,0
2015,64,宁夏回族自治区,Ningxia,35,18,9,2,6,33,2,0
2016,64,宁夏回族自治区,Ningxia,123.75,50,30.75,10,33,21.5,67,35.25
2017,64,宁夏回族自治区,Ningxia,47.5,24,10.5,0,13,10.5,33,4
2018,64,宁夏回族自治区,Ningxia,18,10,0,8,0,18,0,0
2019,64,宁夏回族自治区,Ningxia,29,12,6,11,0,21,6,2
2020,64,宁夏回族自治区,Ningxia,11,2,9,0,0,8,3,0
2021,64,宁夏回族自治区,Ningxia,62,25,18,6,13,14,42,6
2022,64,宁夏回族自治区,Ningxia,82.5,32,19.5,0,31,45,19.5,18
2007,65,新疆维吾尔自治区,Xinjiang,44.5,0,28.5,12,4,18,14.5,12
2008,65,新疆维吾尔自治区,Xinjiang,8.5,0,4.5,4,0,4.5,4,0
2009,65,新疆维吾尔自治区,Xinjiang,69.75,0,57.75,12,0,25.5,17.25,27
2010,65,新疆维吾尔自治区,Xinjiang,29,5,12,12,0,24,3,2
2011,65,新疆维吾尔自治区,Xinjiang,132,69,51,6,6,108,11.25,12.75
2012,65,新疆维吾尔自治区,Xinjiang,79.5,36,28.5,0,15,35.25,44.25,0
2013,65,新疆维吾尔自治区,Xinjiang,82.5,0,58.5,18,6,67.5,10.5,4.5
2014,65,新疆维吾尔自治区,Xinjiang,8.75,0,6.75,2,0,8.75,0,0
2015,65,新疆维吾尔自治区,Xinjiang,33,18,15,0,0,27,6,0
2016,65,新疆维吾尔自治区,Xinjiang,111.25,44,32.25,6,29,19,57,35.25
2017,65,新疆维吾尔自治区,Xinjiang,71,46,12,4,9,7,38,26
2018,65,新疆维吾尔自治区,Xinjiang,9,0,3,6,0,7.5,1.5,0
2019,65,新疆维吾尔自治区,Xinjiang,21,12,0,9,0,18,3,0
2020,65,新疆维吾尔自治区,Xinjiang,4,4,0,0,0,0,4,0
2021,65,新疆维吾尔自治区,Xinjiang,22.5,3,4.5,6,9,6,16.5,0
2022,65,新疆维吾尔自治区,Xinjiang,60.5,18,13.5,0,29,36,12.5,12
